Codigo,Prateleira,Autor,Titulo,Cidade,Editora,Ano Publicação,Genero,Origem,Quantidade Volumes
278,Ficção,"Verne, Julio",Cinco semanas em balão,São Paulo,Hemus,1982,Ficção,Doacao,1
296,Lit. Inf. Juvenil,"Nunes, Lygia Bojunga","Bolsa Amarela, A ",Rio de Janeiro,Agir,1988,Lit. Inf  Juvenil,,1
326,Lit. Inf. Juvenil,"Nunes, Lygia Bojunga","Bolsa Amarela, A ",Rio de Janeiro,Agir,1988,Lit. Inf  Juvenil,Governo,1
332,Lit. Inf. Juvenil,"Nunes, Lygia Bojunga","Bolsa Amarela, A ",Rio de Janeiro,Agir,1988,Lit. Inf  Juvenil,Governo,1
344,Lit. Inf. Juvenil,"Nunes, Lygia Bojunga","Casa da Madrinha, A",Rio de Janeiro,Agir,1986,Lit. Inf  Juvenil,Governo,1
359,Lit. Inf. Juvenil,"Nunes, Lygia Bojunga",Corda Bamba,Rio de Janeiro,Agir,1988,Lit. Inf  Juvenil,Doacao,1
360,Lit. Inf. Juvenil,"Nunes, Lygia Bojunga",Corda Bamba,Rio de Janeiro,Agir,1988,Lit. Inf  Juvenil,Doacao,1
373,Lit. Inf. Juvenil,"Bojunga, Lygia",Angélica,Rio de Janeiro,Casa Lygia Bojunga,2004,Lit. Inf  Juvenil,Governo,1
440,Lit. Inf. Juvenil,"Vieira, Regina","Mistério do Rabanete Vermelho, O",São Paulo,do Brasil,1985,Lit. Inf  Juvenil,Governo,1
445,Lit. Inf  Juvenil,"Galdino, Luiz","Demonio da meia-noite, O",São Paulo,Moderna,1993,Lit. Inf  Juvenil,,1
449,Lit. Inf  Juvenil,"Galdino, Luiz","Demonio da meia-noite, O",São Paulo,Moderna,1993,Lit. Inf  Juvenil,,1
455,Lit. Inf  Juvenil,"Galdino, Luiz","Demonio da meia-noite, O",São Paulo,Moderna,1993,Lit. Inf  Juvenil,,1
465,Lit. Inf  Juvenil,"Galdino, Luiz","Demonio da meia-noite, O",São Paulo,Moderna,1993,Lit. Inf  Juvenil,,1
466,Lit. Inf  Juvenil,"Galdino, Luiz","Demonio da meia-noite, O",São Paulo,Moderna,1995,Lit. Inf  Juvenil,,1
472,Lit. Inf. Juvenil,"Chiavenato, José Julio",Doce Manuela,São Paulo,Moderna,1992,Lit. Inf  Juvenil,,1
492,Lit. Inf. Juvenil,"Kupstas, Marcia",Crescer é Perigoso,São Paulo,Moderna,1986,Lit. Inf  Juvenil,Doacao,1
493,Lit. Inf. Juvenil,"Kupstas, Marcia",Crescer é Perigoso,São Paulo,Moderna,1986,Lit. Inf  Juvenil,Doacao,1
496,Lit. Inf. Juvenil,"Kupstas, Marcia",Crescer é Perigoso,São Paulo,Moderna,1986,Lit. Inf  Juvenil,Doacao,1
504,Lit. Inf. Juvenil,"Kupstas, Marcia",Crescer é Perigoso,São Paulo,Moderna,1986,Lit. Inf  Juvenil,Doacao,1
507,Lit. Inf. Juvenil,"Kupstas, Marcia",Crescer é Perigoso,São Paulo,Moderna,1986,Lit. Inf  Juvenil,Doacao,1
515,Lit. Inf  Juvenil,"Nicolelis, Giselda Laporta",Pássaro contra a Vidraça,São Paulo,Moderna ,1992,Lit. Inf  Juvenil,Governo,1
546,Lit. Inf. Juvenil,"Kupstas, Marcia","Preciso lutar, É ",São Paulo,FTD,1994,Lit. Inf  Juvenil,Governo,1
548,Lit. Inf. Juvenil,"Kupstas, Marcia","Preciso lutar, É ",São Paulo,FTD,1994,Lit. Inf  Juvenil,Governo,1
560,Lit. Inf. Juvenil,"Carr, Stella","Monstro do Morumbi, O",São Paulo,Moderna,1984,Lit. Inf  Juvenil,,1
571,Lit. Inf. Juvenil,"Carr, Stella","Monstro do Morumbi, O",São Paulo,Moderna,1984,Lit. Inf  Juvenil,,1
581,Lit. Inf. Juvenil,"Carr, Stella","Monstro do Morumbi, O",São Paulo,Moderna,1984,Lit. Inf  Juvenil,,1
622,Lit. Inf. Juvenil,"Viana, Vivina de Assis",Sabe de uma coisa?: Diário de uma adolescente,São Paulo,Atual,1989,Lit. Inf  Juvenil,Governo,1
634,Lit. Inf. Juvenil,"Magalhães, Roberto","Orelhinha Orelhuda sabe nada, sabe tudo!",São Paulo,do Brasil,1985,Lit. Inf  Juvenil,,1
635,Lit. Inf. Juvenil,"Magalhães, Roberto","Orelhinha Orelhuda sabe nada, sabe tudo!",São Paulo,do Brasil,1985,Lit. Inf  Juvenil,,1
644,Lit. Inf. Juvenil,"Magalhães, Roberto","Orelhinha Orelhuda sabe nada, sabe tudo!",São Paulo,do Brasil,1985,Lit. Inf  Juvenil,,1
665,Lit. Inf. Juvenil,"Galdino, Luiz",Sacici siriri sici,São Paulo,do Brasil,1985,Lit. Inf  Juvenil,,1
668,Lit. Inf. Juvenil,"Galdino, Luiz",Sacici siriri sici,São Paulo,do Brasil,1985,Lit. Inf  Juvenil,,1
693,Lit. Inf. Juvenil,"Fittipaldi, Ciça",Cada ponto aumenta um conto,São Paulo,Ed. Brasil,1986,Lit. Inf  Juvenil,Doacao,1
713,Diversos,"Rubira, Manoel Carlos","Ligia, Menina",São Paulo,do Brasil,1985,Lit. Inf  Juvenil,Governo,1
762,Lit. Inf. Juvenil,"Furtado, Maria Cristina",Flor de Maio,São Paulo,Brasil S/A,,Lit. Inf. Juvenil,,1
769,Lit. Inf. Juvenil,"Furtado, Maria Cristina",Flor de Maio,São Paulo,Brasil S/A,,Lit. Inf. Juvenil,,1
773,Lit. Inf. Juvenil,"Furtado, Maria Cristina",Flor de Maio,São Paulo,Brasil S/A,,Lit. Inf  Juvenil,,1
788,Lit. Inf. Juvenil,"Carneiro, Caio Porfírio",Profissão: Esperança,São Paulo,Ed. Brasil,1985,Lit. Inf  Juvenil,Governo,1
819,Lit. Inf. Juvenil,"Bandeira, Pedro","Droga da Obediência, A",São Paulo,Moderna,1992,Lit. Inf  Juvenil,Doacao,1
948,Lit. Inf. Juvenil,"Agostinho, Cristina",Pai sem terno e gravata,São Paulo,Moderna ,1992,Lit. Inf  Juvenil,,1
953,Lit. Inf. Juvenil,"Agostinho, Cristina",Pai sem terno e gravata,São Paulo,Moderna ,1992,Lit. Inf  Juvenil,,1
983,Lit. Inf. Juvenil,"Telles, Carlos Queiroz","Rock das Estrelas, O",São Paulo,Moderna,1993,Lit. Inf  Juvenil,Governo,1
986,Lit. Inf. Juvenil,"Telles, Carlos Queiroz","Rock das Estrelas, O",São Paulo,Moderna,1993,Lit. Inf  Juvenil,Governo,1
989,Lit. Inf. Juvenil,"Telles, Carlos Queiroz","Rock das Estrelas, O",São Paulo,Moderna,1993,Lit. Inf  Juvenil,Governo,1
992,Lit. Inf. Juvenil,"Telles, Carlos Queiroz","Rock das Estrelas, O",São Paulo,Moderna,1993,Lit. Inf  Juvenil,Governo,1
994,Lit. Inf. Juvenil,"Telles, Carlos Queiroz","Rock das Estrelas, O",São Paulo,Moderna,1993,Lit. Inf  Juvenil,Governo,1
1039,Lit. Inf. Juvenil,"Bloch, Pedro","Segredo de Taquinho, O",São Paulo,Nacional ,1984,Lit. Inf  Juvenil,,1
1043,Lit. Inf. Juvenil,"Bloch, Pedro","Segredo de Taquinho, O",São Paulo,Nacional ,1984,Lit. Inf  Juvenil,,1
1058,Lit Inf. Juvenil,"Bloch, Pedro","Garotão, O",São Paulo,Nacional,1987,Lit. Inf  Juvenil,Doacao,1
1086,Lit. Inf  Juvenil,"Guimarães, José","Avião que não sabia voar, O",São Paulo,Nacional,1984,Lit. Inf  Juvenil,,1
1089,Lit. Inf  Juvenil,"Guimarães, José","Avião que não sabia voar, O",São Paulo,Nacional,1984,Lit. Inf  Juvenil,,1
1091,Lit. Inf  Juvenil,"Guimarães, José","Avião que não sabia voar, O",São Paulo,Nacional,1984,Lit. Inf  Juvenil,,1
1092,Lit. Inf  Juvenil,"Guimarães, José","Avião que não sabia voar, O",São Paulo,Nacional,1984,Lit. Inf  Juvenil,,1
1092,Lit. Inf  Juvenil,"Guimarães, José","Avião que não sabia voar, O",São Paulo,Nacional,1984,Lit. Inf  Juvenil,,1
1136,Lit. Inf. Juvenil,"Donato, Hernâni",Proezas e Vitórias do Menino Caná,São Paulo,Nacional ,1984,Lit. Inf  Juvenil,Governo,1
1137,Lit. Inf. Juvenil,"Donato, Hernâni",Proezas e Vitórias do Menino Caná,São Paulo,Nacional ,1984,Lit. Inf  Juvenil,Governo,1
1139,Lit. Inf. Juvenil,"Silveira, Helena","Cachorrinha Cósmica, A",São Paulo,Nacional,1984,Lit. Inf  Juvenil,Governo,1
1146,Lit. Inf. Juvenil,"Maranhão, Haroldo","Começo da Cuca, O",São Paulo,Nacional,1985,Lit. Inf  Juvenil,,1
1408,Ficção,"Rezende, Stella Maris","Sobrinha  do  poeta, A ",São Paulo,Globo Livros,2018,Lit. Inf  Juvenil,Governo,1
1428,Lit. Inf. Juvenil,"Corrêa, Viriato",Meu Torrão,São Paulo,Cia Editora Nacional,1982,Lit. Inf  Juvenil,Doacao,1
1440,Lit. Inf. Juvenil,"Corrêa, Viriato","Macacada, A",São Paulo,Nacional,1982,Lit. Inf  Juvenil,,1
1485,Lit. Inf. Juvenil,"José, Ganymedes",Super G,São Paulo,Moderna ,1983,Lit. Inf  Juvenil,Governo,1
1519,Contos,Amadeu Amaral,Novelas e Contos,São Paulo,Hucitec,1982,Contos,Governo,2
1540,Romance,"Homem, Homero",Menino de Asas,São Paulo,Ática,1981,Romance,,1
1679,Lit. Inf. Juvenil,"Almeida, Ivan Engler de","Peixinho Sonhador, O",São Paulo,do Brasil,,Lit. Inf  Juvenil,Doacao,1
1695,Lit. Inf. Juvenil,"Marins, Francisco","Mistério dos Morros Dourados, O",São Paulo,Ática,1985,Lit. Inf  Juvenil,Governo,1
1798,Lit. Inf. Juvenil,"Druon, Maurice","Menino do Dedo Verde, O",Rio de Janeiro,JOsé Olympio,1978,Lit. Inf  Juvenil,Doacao,1
1819,Lit. Inf  Juvenil,"Twain, Mark",Aventuras de Huck,São Paulo,Brasiliense,1987,Lit. Inf  Juvenil,Governo,1
1820,Lit. Inf  Juvenil,"Twain, Mark",Aventuras de Huck,São Paulo,Brasiliense,1987,Lit. Inf  Juvenil,Governo,1
1825,Romance,"Hemingway, Ernest","Velho e o Mar, O",Rio de Janeiro,Civ. Brasileira,1987,Romance,Governo,1
1831,Romance,"Rego, José Lins do","Moleque Ricardo, O",Rio de Janeiro,J. Olympio,1982,Romance,Doacao,1
1841,Romance,"Rego, José Lins do",Menino de Engenho,Rio de Janeiro,Nova Fronteira,1984,Romance,Doacao,1
1890,Lit. Inf. Juvenil,"Bandeira, Pedro","Marca de uma Lágrima, A",São Paulo,Moderna,1986,Lit. Inf  Juvenil,Doacao,1
1893,Lit. Inf. Juvenil,"Bandeira, Pedro","Marca de uma Lágrima, A",São Paulo,Moderna,1986,Lit. Inf  Juvenil,Doacao,1
1907,Lit. Inf. Juvenil,"Bassi, Naava","Brinquedotecas, As",São Paulo,do Brasil,,Lit. Inf  Juvenil,Doacao,1
1912,Lit. Inf. Juvenil,"Bassi, Naava","Brinquedotecas, As",São Paulo,do Brasil,,Lit. Inf  Juvenil,Doacao,1
1918,Lit. Inf. Juvenil,"Ferreira, Isabel Fontes Leal",Rosa Travessa,São Paulo,Salesiana,1982,Lit. Inf  Juvenil,,1
1925,Lit. Inf. Juvenil,"Veras, Everaldo Moreira",Pião na Unha,São Paulo,Salesiana,1982,Lit. Inf  Juvenil,Governo,1
1935,Ficção,"Garcia, Edson Gabriel",Gabriel Ternura,São Paulo,Loyola,1979,Lit. Inf  Juvenil,Governo,1
1936,Ficção,"Garcia, Edson Gabriel",Gabriel Ternura,São Paulo,Loyola,1979,Lit. Inf  Juvenil,Governo,1
1945,Lit. Inf. Juvenil,"Galdino, Luiz",Moleque de Rua,São Paulo,do Brasil,,Lit. Inf  Juvenil,,1
1953,Lit. Inf. Juvenil,"Felício, Vovô","Bichos eram diferentes, Os",Belo Horizonte,Vigilia,1981,Lit. Inf  Juvenil,Governo,1
1955,Lit. Inf. Juvenil,"Nicolelis, Giselda Laporta",Da cor do Azeviche,Rio de Janeiro,Salamandra,1984,Lit. Inf  Juvenil,Doacao,1
1960,Lit. Inf. Juvenil,"Oliveira, Ganimedes J. Santos de","História do Galo Marquês, A",São Paulo,Moderna,1982,Lit. Inf  Juvenil,Doacao,1
1986,Romance,"Fitzgerald, F. Scott","Grande Gatsby, O",São Paulo,Abril,1980,Romance,Doacao,1
2051,Romance,"Lins, Osman","Fiel e a Pedra, O",São Paulo,Summus,1979,Romance,Doacao,1
2061,Romance,"Defoe, Daniel ",Robinson Crusoé ,São Paulo,Scipione,1987,Romance,Governo,1
2068,Lit. Inf. Juvenil,"Viana, Vivina de Assis","Mundo é pra ser voado, O",São Paulo,Scipione,1993,Lit. Inf  Juvenil,,1
2071,Lit. Inf. Juvenil,"Viana, Vivina de Assis","Mundo é pra ser voado, O",São Paulo,Scipione,1993,Lit. Inf  Juvenil,,1
2079,Lit. Inf. Juvenil,"Lima, Aristides Fraga","Menino e o Jegue, O",São Paulo,Scipione,1989,Lit. Inf  Juvenil,Doacao,1
2085,Ficção,"Vieira, Isabel",Quem sequestrou Marta Jane? O,São Paulo,FTD,1995,Ficção,Doacao,1
2108,Lit. Inf. Juvenil,"Pellegrini, Domingos","Árvore que dava dinheiro, A",São Paulo,Moderna,1983,Lit. Inf  Juvenil,,1
2109,Lit. Inf. Juvenil,"Pellegrini, Domingos","Árvore que dava dinheiro, A",São Paulo,Moderna,1983,Lit. Inf  Juvenil,,1
2115,Lit Inf. Juvenil,"Bandeira, Pedro","Elefante Assassino, O",São Paulo,Atual,1987,Lit. Inf  Juvenil,Governo,1
2125,Lit. Inf. Juvenil,"Nunes Bojunga, Lygia",Tchau,Rio de Janeiro,Agir,1987,Lit. Inf  Juvenil,Doacao,1
2135,Lit. Inf. Juvenil,"Muralha, Sidonio","Personagem chamado Pedrinho, Um",Rio de Janeiro,Nordica,,Lit. Inf  Juvenil,Doacao,1
2139,Lit. Inf  Juvenil,"Condini, Paulo","Caso Mortal, Um",São Paulo,Moderna,1990,Lit. Inf  Juvenil,Governo,1
2149,Lit. Inf. Juvenil,"Sales, Herberto","Sobradinho dos Pardais, O",São Paulo,Melhoramentos,1978,Lit. Inf  Juvenil,Governo,1
2186,Lit. Inf. Juvenil,"Bandeira, Pedro","Ideia solta no ar, uma",São Paulo,Moderna,1991,Lit. Inf  Juvenil,Governo,1
2206,Romance,"Moog, Vianna","Rio imita o reino, O",Porto Alegre,Globo,1973,Romance,Governo,1
2207,Contos,Arthur C. Clarke,Contos da Taberna,Rio de Janeiro,Francisco Alves,1976,Contos,Doacao,1
2308,Lit. Inf. Juvenil,"José, Ganymédes",Brim Azul a história de uma calça,São Paulo,Atual,1989,Lit. Inf  Juvenil,Governo,1
2309,Lit. Inf. Juvenil,"José, Ganymedes","Solar Assombrado, O",Rio de Janeiro,Nova Fronteira,1986,Lit. Inf  Juvenil,Governo,1
2318,Lit. Inf. Juvenil,"Aguiar, Luiz Antonio",Vou fazer meu pai parar de fumar,São Paulo,FTD,1994,Lit. Inf  Juvenil,,1
2365,Lit. Inf. Juvenil,"Araujo, Leusa",Agitação à beira-mar,São Paulo,Ática,1994,Lit. Inf  Juvenil,,1
2399,Lit. Inf. Juvenil,"Bardari, Sérsi","Segredo dos Sinais Mágicos, O",São Paulo,Ática,1993,Lit. Inf  Juvenil,Governo,1
2450,Lit. Inf. Juvenil,"Dupre, Maria José","Mina de Ouro, A",São Paulo,Ática,1979,Lit. Inf  Juvenil,Doacao,1
2476,Lit. Inf  Juvenil,"Twain, Mark",Aventuras de Huck O,São Paulo,Abril,1979,Lit. Inf  Juvenil,Doacao,1
2496,Lit. Inf Juvenil,"Carr, Stella","Caso da estanha fotografia, O",São Paulo,Pioneira,1987,Lit. Inf. Juvenil,Doacao,1
2567,Lit. Inf. Juvenil,"Franco, Silvia Cintra","Barreira do Inferno, Na",São Paulo,Ática,1990,Lit. Inf  Juvenil,,1
2701,Ficção,"Christie, Agatha","Caso dos Dez Negrinhos, O",São Paulo,O Globo,1987,Ficção,Governo,1
2754,Contos,Machado de Assis,"Melhores Contos de Machado de Assis, Os ",São Paulo,Global,1985,Contos,Governo,1
2763,Contos,Machado de Assis,"Melhores Contos de Machado de Assis, Os ",São Paulo,Global,1985,Contos,Governo,1
2767,Contos,Machado de Assis,"Melhores Contos de Machado de Assis, Os ",São Paulo,Global,1985,Contos,Governo,1
2778,Contos,Machado de Assis,"Melhores Contos de Machado de Assis, Os ",São Paulo,Global,1985,Contos,Governo,2
2780,Contos,Machado de Assis,"Melhores Contos de Machado de Assis, Os ",São Paulo,Global,1985,Contos,Governo,1
2785,Contos,Machado de Assis,"Melhores Contos de Machado de Assis, Os ",São Paulo,Global,1985,Contos,Governo,1
2825,Romance,"Assis, Machado de",Helena,São Paulo,Hidell,1994,Romance,Governo,1
2857,Romance,"Alencar, José de",Cinco Minutos,São Paulo,Moderna,1993,Romance,Doacao,1
2886,Romance,"Ramos, Graciliano",São Bernardo,São Paulo,Record,1986,Romance,Doacao,1
2983,Romance,"Guimarães, Bernardo","Seminarista, O",São Paulo,Ática,1981,Romance,Governo,1
3086,Romance,"Alencar, José de","Pata de Gazela, A",São Paulo,Atica,1972,Romance,Doacao,1
3118,Romance,"Assis, Machado de",Memorial de Aires,São Paulo,Ática,1976,Romance,,1
3152,,Clarice Lispector,Para Gostar de Ler,São Paulo,Ática,1984,Contos,Governo,8
3160,,"Lispector, Clarice",Para Gostar de Ler- Volume 9,São Paulo,Ática,1984,Contos,Governo,1
3295,Romance,"Machado, Aníbal Monteiro",João Ternura,Rio de Janeiro,josé Olympio,1987,Romance,Governo,1
3437,Lit. Inf. Juvenil,"Malferrari, Lília",Camilinha no País das Belezas,São Paulo,Melhoramentos,1988,Lit. Inf  Juvenil,Doacao,1
3495,Romance,"Orwell, George","Revolução dos Bichos, A ",Porto Alegre,Globo,1986,Romance,Governo,1
3512,Romance,"Veríssimo, Érico","Certo Capitão Rodrigo, Um",Rio de Janeiro,Globo,1985,Romance,Governo,1
3569,Contos,Edgar Allan Poe,Contos,São Paulo,Cultrix,1986,Contos,Governo,1
3634,Coleção,"Lobato, Monteiro",Aventuras de Hans Staden,São Paulo,Brasiliense,1996,Lit. Inf  Juvenil,Governo,1
3648,Lit Inf. Juvenil,"Ramos, Hugo de Carvalho",Tropas e Boiadas,São Paulo,José Olympio,1965,Lit. Inf  Juvenil,Doacao,1
3662,Lit. Inf. Juvenil,"Bloch, Pedro","Me dá uma força, gente",,Ediouro,1980,Lit. Inf  Juvenil,,1
3690,Romance,"Barreto, Lima",Triste Fim de Policarpo Quaresma,São Paulo,Brasiliense,1971,Romance,Doacao,1
3728,,Luiz Vilela,"Violino, O ",São Paulo,Ática,1989,Contos,Governo,1
3758,Lit. Inf. Juvenil,"Lessa, Orígenes",Memorias de um cabo de vassoura,Rio de Janeiro,Ediouro,1972,Lit. Inf. Juvenil,Governo,1
4086,Poema,"Bandeira, Manuel",Berimbau,Rio de Janeiro,Nova Fronteira,1994,Poesia,Governo,2
4087,Poema,"Bandeira, Manuel",Estrela da Vida Inteira,Rio de Janeiro,Nova Fronteira,1993,Poesia,Governo,1
4304,Lit. Inf. Juvenil,"Chianca, Leonardo","Tia Marita, escrevi um livro",São Paulo,Atual,1994,Lit. Inf  Juvenil,Governo,1
4305,Lit. Inf. Juvenil,"Segato Augusto , Carlos","Terra das coisas perdidas, A",São Paulo,Atual,1994,Lit. Inf  Juvenil,Governo,1
4332,Lit. Inf. Juvenil,"Belinky, Tatiana",Olhos de ver ,São Paulo,moderna ,1995,Lit. Inf  Juvenil,Governo,1
4337,Lit. Inf. Juvenil,"Antônio, João",Afinação da Arte de Chutar Tampinhas,Belo Horizonte,Formato Editorial,1993,Lit. Inf  Juvenil,Governo,1
4353,Lit. Inf. Juvenil,Zélio,"Navegador e o príncipe, O",São Paulo,,1992,Lit. Inf  Juvenil,Governo,1
4370,Diversos,"Klink, Amyr",Cem dias entre céu e mar,São Paulo,Cia das Letras,1995,Biografia,Governo,1
4373,Contos,"Silva, Deonísio da ",Setecontos,São Paulo,FTD,1994,contos,Governo,10
4374,Diversos,"Klink, Amyr",Mar sem fim,São Paulo,Cia das Letras,2000,Biografia,Governo,1
4390,Lit Inf. Juvenil,"Saldanha, Paula","Eldorado, Garimpo Coragem",São Paulo,FTD,1994,Lit. Inf  Juvenil,Governo,1
4417,Lit. Inf. Juvenil,"Filho, Dumas Alexandre",Dama das Camélias ,Rio de Janeiro,Ediouro,1996,Lit. Inf  Juvenil,Governo,1
4418,Lit. Inf. Juvenil,"Rabelo, Marques",Odisséia,RIo de Janeiro,Ediouro,1996,Lit. Inf  Juvenil,Governo,1
4420,Lit. Inf. Juvenil,"Hugo, Victor",Corcunda de Notre-Dame,Rio de Janeiro,Ediouro,1996,Lit. Inf  Juvenil,Governo,1
4421,Ficção,Edgar Allan Poe,Histórias Extraordinárias de Allan Poe,Rio de Janeiro,Ediouro,1996,Contos,Governo,1
4433,Lit. Inf  Juvenil,"Orthof, Sylvia","Fantasma de Camarim, O",Belo Horizonte,Formato,,Lit. Inf  Juvenil,Governo,1
4452,Romance,Jorge Amado,"Morte e a morte de quincas berro dágua, A ",Rio de Janeiro,Record,1996,Romance,Governo,1
4467,Lit. Inf. Juvenil,"Gomes , Cardoso Alvaro",Hora da Luta ,São Paulo,FTD,1994,Lit. Inf  Juvenil,Governo,1
4474,Lit. Inf. Juvenil,"Marinho, João Carlos",Cascata de Cuspe,São Paulo,Moderna,1992,Lit. Inf  Juvenil,Doacao,1
4477,Lit. Inf. Juvenil,"Mott, Odette de Barros","Mercador de Sonhos, O",São Paulo,Moderna,1991,Lit. Inf  Juvenil,,1
4489,Lit. Inf. Juvenil,"Rodrigues, Eduardo",Mar Drogado,São Paulo,FTD,1994,Lit. Inf  Juvenil,,1
4492,Lit. Inf. Juvenil,"Regino, Maria de",Memórias da Escuridão,São Paulo,Moderna,1995,Lit. Inf. Juvenil,Doacao,1
4509,,"Lemos, Glaucia","Novas viagens do marujo verde, As",São Paulo,Atual,1993,Lit. Inf  Juvenil,Governo,1
4556,Lit. Inf. Juvenil,"Carrasco, Walcyr",Irmão Negro,São Paulo,Moderna,1995,Lit. Inf  Juvenil,Governo,1
4569,Lit. Inf. Juvenil,"Sordi, Rose","Estrela de cada um, A",São Paulo,Moderna,1994,Lit. Inf  Juvenil,Doacao,1
4580,Lit. Inf. Juvenil,"Braz, Julio Emílio","Avião, trafico de drogas",São Paulo,FTD,1995,Lit. Inf. Juvenil,Doacao,1
4588,Lit Inf. Juvenil,"Alves, Januária Cristina",Amor Perdidos e Achados,São Paulo,FTD,1995,Lit. Inf  Juvenil,Governo,1
4601, Lit. Infanto Juv.,"Nicolelis, Laporta Giselda",Sempre haverá uma amanhã,São Paulo,Moderna,1989,Lit. Inf  Juvenil,Governo,1
4607,Lit Inf. Juvenil,"Betto, Frei","Uala, o amor",São Paulo,FTD,1994,Lit. Inf  Juvenil,Governo,1
4609,Lit. Inf. Juvenil,"Albergaria, Lino de",Cinco anos sem Chover,São Paulo,FTD,1994,Lit. Inf  Juvenil,Governo,1
4615,Lit. Inf. Juvenil,"Rios, Rosana","Outro lado da historia, O",São Paulo,moderna,1992,Lit. Inf  Juvenil,,1
4616,Lit. Inf. Juvenil,"Rios, Rosana","Outro lado da historia, O",São Paulo,moderna,1992,Lit. Inf  Juvenil,,1
4624,Lit. Inf. Juvenil,"Rios, Rosana","Outro lado da historia, O",São Paulo,moderna,1992,Lit. Inf  Juvenil,,1
4625,Lit. Inf. Juvenil,"Lessa, Orígenes",Sequestro em Parada de Lucas ,São Paulo,Moderna ,1981,Lit. Inf  Juvenil,Doacao,1
4628,Lit. Inf. Juvenil,"Lessa, Orígenes",Sequestro em Parada de Lucas ,São Paulo,Moderna ,1981,Lit. Inf  Juvenil,Doacao,1
4634,Lit. Inf. Juvenil,"Lessa, Orígenes",Sequestro em Parada de Lucas ,São Paulo,Moderna ,1981,Lit. Inf  Juvenil,Doacao,1
4639,Diversos,Homero,Ilíada,São Paulo,Melhoramentos,1999,Épico,Governo,1
4647,Lit. Inf. Juvenil,"Rezende, Stela Maris",João-Chama-Chuva,Porto Alegre,L&PM Pocket,1987,Lit. Inf  Juvenil,Governo,1
4648,Romance,"Mérimée, Prosper",Carmen,São Paulo,FTD,1992,Romance,Governo,1
4652,Ficção,"Llosa, Mario Vargas",Quem matou Palomino Molero?,Rio de Janeiro,Francisco Alves,1996,Ficção,Governo,1
4655,Ficção,"Huxley, Aldous",Admirável Mundo Novo,São Paulo,Globo,1993,Ficção,Governo,1
4663,Lit. Inf. Juvenil,"Ladeira, Julieta de Godoy","Latinhas também amam, As",São Paulo,Atual,1994,Lit. Inf  Juvenil,Governo,1
4666,Lit. Inf. Juvenil,"Ribeiro, José Hamilton","Vingança do Índio Cavaleiro, A",São Paulo,Moderna,1995,Lit. Inf  Juvenil,Governo,1
4671,Romance,"Veiga, José J.","Hora dos Ruminantes, A",Rio de Janeiro,Bertrand Brasil,1996,Romance,Governo,1
4682,Lit. Inf. Juvenil,"Carr, Stella","Eu, Detetive o caso do sumiço",São Paulo,Moderna,1983,Lit. Inf  Juvenil,Doacao,1
4712,Romance,"Jaf, Ivan",Beijo na Boca,São  Paulo,Moderna,1994,Lit. Inf  Juvenil,Governo,1
4740,Lit. Inf. Juvenil,"Porter, Eleanor Hodgan",Pollyana,São Paulo,Nacional ,1995,Lit. Inf  Juvenil,Governo,1
4743,Lit Inf. Juvenil,"Veiga, José J. ","Trono do Morro, O",São Paulo,Ática,1995,Lit. Inf  Juvenil,Governo,1
4757,Lit. Inf. Juvenil,"Patriota, Margarida","Tranças da Emoção, Nas",São Paulo,FTD,1994,Lit. Inf  Juvenil,Governo,1
4762,Lit. Inf. Juvenil,"Patriota, Margarida","Tramas da Emoção, Nas",São Paulo,FTD,1994,Lit. Inf  Juvenil,Governo,1
4767,Lit. Inf. Juvenil,"Almeida, Elenice Machado de",Minha primeira Paixão,São Paulo,FTD,1994,Lit. Inf  Juvenil,,1
4768,Lit. Inf. Juvenil,"Almeida, Elenice Machado de",Minha primeira Paixão,São Paulo,FTD,1994,Lit. Inf  Juvenil,,1
4771,Lit. Inf. Juvenil,"Almeida, Elenice Machado de",Minha primeira Paixão,São Paulo,FTD,1994,Lit. Inf  Juvenil,,1
4817,Lit. Inf. Juvenil,"Nicolelis, Giselda Laporta",Guerreiros do Tempo,São Paulo,Moderna,1994,Lit. Inf  Juvenil,Doacao,1
4850,Lit. Inf. Juvenil,"Albergaria, Lino de",História de Amor,São Paulo,Moderna,1995,Lit. Inf  Juvenil,Governo,1
4853,Lit Inf. Juvenil,"Albergaria, Lino de","História de Amor, Uma",São Paulo,Moderna,1995,Lit. Inf  Juvenil,Doacao,1
4858,Lit. Inf. Juvenil,"Weiss, Mery","Menina e a fantasia, A",São Paulo,Moderna,1983,Lit. Inf  Juvenil,Governo,1
4869,Poemas,"Bandeira, Pedro ",Malasaventuras,São Paulo,Moderna,1984,Poesia,,1
4874,Poemas,"Bandeira, Pedro ",Malasaventuras,São Paulo,Moderna,1984,Poesia,,1
4881,Lit. Inf. Juvenil,"Freire, Roberto",Moleques de Rua,São Paulo,Moderna,1994,Lit. Inf  Juvenil,,1
4883,Lit. Inf. Juvenil,"Freire, Roberto",Moleques de Rua,São Paulo,Moderna,1994,Lit. Inf  Juvenil,,1
4901,,Clarice Lispector,"Primeiro beijo, O ",São Paulo,Ática,1997,Contos,Governo,2
4913,Lit. Inf. Juvenil,"Ângelo, Ivan","Ladrão dos Sonhos, O",São Paulo,Ática,1997,Lit. Inf  Juvenil,Governo,1
4926,Lit. Inf. Juvenil,"Freire, Roberto","Revolta dos Meninos, A",São Paulo,Moderna,1994,Lit. Inf  Juvenil,Doacao,1
4928,Lit. Inf. Juvenil,"Walpole, H.","Castelo de Otranto, O",São Paulo,Nova Alexandria,1996,Lit. Inf  Juvenil,Governo,1
4933,Lit. Inf  Juvenil,"Lienas, Gemma","Assim é a vida, Carlota",São Paulo,Paulinas,1994,Lit. Inf  Juvenil,Governo,1
4934,Conto,"Pinto, Guilherme Cunha",Quem conta um conto - 2,São Paulo,Atual,1989,Contos,Governo,1
4942,Ficção,"Christie, Agatha",Assassinato no Expresso do Oriente,Rio de Janeiro,Nova Fronteira,1933,Ficção,Governo,1
4995,Lit. Inf. Juvenil,"Furtado, Maria Cristina",Flor de Maio,São Paulo,Brasil S/A,,Lit. Inf  Juvenil,,1
5023,Lit. Inf. Juvenil,"Calado, Ivanir","Lago da Memória, O",São Paulo,Nova Alexandria,1996,Lit. Inf  Juvenil,Governo,1
5027,,O. Ballarin,Irecê,São Paulo,Nobel,1996,Romance,Governo,1
5037,Diversos,"Che Guevara, Ernesto",Primeiras Viagens,São Paulo,Scritta,1996,Biografia,Governo,1
5044,Ficção,"Christie, Agatha","Caso dos Dez Negrinhos, O",São Paulo,O Globo,1998,Ficção,Governo,1
5059,Ficção,"Leite, Márcia",Aqui entre nós,São Paulo,Ática,1997,Lit. Inf  Juvenil,Governo,1
5059,Lit. Inf. Juvenil,"Leite, Márcia",Aqui entre nós,São Paulo,Ática,1997,Lit. Inf  Juvenil,Governo,1
5060,Crônicas,"Alves, Rubem","Retorno e Terno, O",Campinas,Papirus,1997,Crônicas,Governo,1
5066,Lit Inf. Juvenil,"Pergaud, Louis",Guerra dos Botões,Rio de Janeiro,Ediouro,1996,Lit. Inf  Juvenil,Governo,1
5079,Lit. Inf. Juvenil,"Abramovich, Fanny",Roda Mundo,Belo Horizonte,Formato Editorial,1993,Lit. Inf  Juvenil,Governo,1
5081,Lit. Inf. Juvenil,"José, Elias ",Toda sorte de magia ,Belo Horizonte ,Lê,1996,Lit. Inf  Juvenil,Governo,1
5085,Lit. Inf. Juvenil,"Espeschit, Rita",Tiro no Escuro,Belo Horizonte ,Lê,1996,Lit. Inf  Juvenil,Governo,1
5098,Romance,"Claver, Ronald",Bar e Café São Jorge,Belo Horizonte,Lê,1996,Romance,Doacao,1
5105,Lit. Inf. Juvenil,"Walpole, H.","Castelo de Otranto, O",São Paulo,Nova Alexandria,1996,Lit. Inf  Juvenil,Governo,1
5130,Lit. Inf. Juvenil,"Marinho, Jorge Migel",Te Dou A Lua Amanhã,São Paulo,FTD,1993,Lit. Inf  Juvenil,Governo,1
5136,Lit. Inf. Juvenil,"Assis, Machado de",Cinco Histórias do Bruxo do Cosme Velho,Porto Alegre,Projeto,1996,Lit. Inf  Juvenil,Governo,1
5147,Lit Inf. Juvenil,"Amado, Jorge","Gato Malhado e a Andorinha Sinhá, O",Rio de Janeiro,Record,1997,Lit. Inf  Juvenil,Governo,1
5150,Lit. Inf. Juvenil,"Lima, José Américo de Lima","Príncipe Desencantado, O",Belo Horizonte,Formato Editorial,1995,Lit. Inf  Juvenil,Governo,1
5169,Lit. Inf. Juvenil,"Cardoso, Manuel",Rolando na Duna,São Paulo,do brasil,1989,Lit. Inf  Juvenil,Governo,1
5172,Lit. Inf. Juvenil,"Rocha, Ruth",Admirável Mundo Louco,Rio de Janeiro,Salamandra,1986,Lit. Inf  Juvenil,Governo,1
5187,Lit. Inf  Juvenil,"Cunha, Leo",Pela estrada afora,São Paulo,Atual,1993,Lit. Inf  Juvenil,Governo,1
5195,Lit. Inf. Juvenil,"Bardari, Sersi",Diário de Classe,São Paulo,do Brasil,1988,Lit. Inf  Juvenil,Governo,1
5219,Lit. Inf. Juvenil,"Moraes Dias de, Antonieta","Tesouro da nau catarine, O",São Paulo,Letras & Letra,1991,Lit. Inf  Juvenil,Governo,1
5220,Lit. Inf. Juvenil,"Aguiar, Luiz Antonio",Terra dos tesouros,Rio de Janeiro,Amais,1994,Lit. Inf  Juvenil,Doacao,1
5262,Contos,"Andrade, Mário de",Contos Novos-4,São Paulo,Llick,1988,Contos,Estadão,1
5302,Romance,"Amado, Andre","Casa da Dona Iolanda, A",São Paulo,Maltese,1995,Romance,Governo,1
5308,Lit. Inf. Juvenil,"Lima, José Americo de","Maldição da Fábrica, A",São Paulo,Atual,1989,Lit. Inf  Juvenil,Governo,1
5309,Lit. Inf. Juvenil,"Santos, Joel Rufino dos",Quatro dias de Rebelião,Rio de Janeiro,José Olympio,2006,Lit. Inf  Juvenil,Governo,1
5312,Romance,"Pozenato, José Clemente","Quatrilho, O",Porto Alegre,Mercado Aberto,1996,Romance,Governo,1
5317,Diversos,Homero,Ilíada,São Paulo,Melhoramentos,1999,Épico,Governo,1
5324,Lit. Inf. Juvenil,"Leal, José Carlos","Escalada de Antropos, A",Belo Horizonte ,Lê,1996,Lit. Inf  Juvenil,Governo,1
5325,Lit. Inf. Juvenil,"Braz, Julio Emílio","Zumbi, o Despertar da Liberdade",Rio de Janeiro,Memórias Futuras,1995,Lit. Inf  Juvenil,Governo,1
5329,Lit. Inf. Juvenil,"Galdino, Luiz",Romeu e Hiromi,São Paulo,Melhoramentos,1990,Lit. Inf  Juvenil,Governo,1
5344,Lit. Inf. Juvenil,"Galdino, Luiz","Café, Suor e Lágrimas",São Paulo,Moderna,1994,Lit. Inf  Juvenil,Governo,1
5347,Lit. Inf. Juvenil,"Martins, Claudio",Chicotinho do Diabo,Belo Horizonte,Dimensão,1995,Lit. Inf  Juvenil,Governo,1
5349,Lit. Inf. Juvenil,"Albergaria, Lino de",Cinco anos sem Chover,São Paulo,FTD,1994,Lit. Inf  Juvenil,Governo,1
5351,Diversos,"Simão, José",Macaco Simão no Tetra,São Paulo,Iluminuras,1996,Lit. Inf  Juvenil,Governo,1
5355,Lit. Inf  Juvenil,"Saldanha, Paula",Entre Vidas,Rio de Janeiro,Memórias Futuras,1995,Lit. Inf  Juvenil,Governo,1
5365,Lit. Inf. Juvenil,"Belinky, Tatiana",Transplante de menina ,São Paulo,Moderna,1995,Lit. Inf  Juvenil,Governo,1
5368,Lit. Inf. Juvenil,"Silva, Antônio de Pádua",Guerra no Pantanal,São Paulo,Atual,1991,Lit. Inf  Juvenil,Governo,1
5378,Lit. Inf. Juvenil,"Orthof, Sylvia",Mais-que-perfeita adolescente,Rio de Janeiro,Ediouro,1996,Lit. Inf  Juvenil,Governo,1
5380,Lit. Inf  Juvenil,"Lienas, Gemma","Assim é a vida, Carlota",São Paulo,Paulinas,1994,Lit. Inf  Juvenil,Governo,1
5383,Lit. Inf. Juvenil,"Walpole, H.","Castelo de Otranto, O",São Paulo,Nova Alexandria,1996,Lit. Inf  Juvenil,Governo,1
5385,Lit. Inf. Juvenil,"Scliar, Moacyr","Caminho dos Sonhos, No",São Paulo,FTD,1993,Lit. Inf  Juvenil,Governo,1
5395,Lit. Inf. Juvenil,"Nicolelis, Giselda Laporta",Macapacarana,São Paulo,Atual,1988,Lit. Inf  Juvenil,,1
5406,Lit. Inf. Juvenil,"Moraes, Carlos","Guerra do Lobisomem, A ",São Paulo,Quinteto,1984,Lit. Inf  Juvenil,Governo,1
5425,Ficção,"Simenon, Georges","Cão Amarelo, O",Rio de Janeiro,Nova Fronteira,1979,Ficção,Governo,1
5428,Lit. Inf. Juvenil,"Mott, Odette de Barros","Justino, o retirante",São Paulo,Atual,1995,Lit. Inf  Juvenil,Governo,1
5429,Lit. Inf. Juvenil,"Mott, Odette de Barros","Margens do Araguaia, Nas",São Paulo,Letras & Letras,1991,Lit. Inf  Juvenil,Governo,1
5430,Lit. Inf. Juvenil,"Nicolelis, Laporta Giselda",Viver é uma grande aventura,São Paulo,Atual,1993,Lit. Inf  Juvenil,Governo,1
5470,Poema,"Bopp, Raul",Cobra Norato,Rio de Janeiro,José Olympio,1997,Poesia,Governo,1
5490,Romance,"Ribeiro, João Ubaldo",Viva o Povo Brasileiro,Rio de Janeiro,Nova fronteira,1984,Romance,Governo,1
5501,Romance,"Queiroz, Raquel",Memorial de Maria Moura,São Paulo,Siciliano,1992,Romance,Governo,1
5503,Romance,"Rego, José Lins do",Menino de Engenho,Rio de Janeiro,José Olympio,1997,Romance,Governo,1
5505,Romance,"Cony, Carlos Heitor",Quase Memória,São Paulo,Cia das Letras,1995,Romance,Governo,1
5542,Lit. Inf. Juvenil,"Puntel, Luiz","Soco no Estômago, Um",Ribeirão Preto,Palavra Mágica,1996,Lit. Inf  Juvenil,Governo,1
5573,Lit. Inf. Juvenil,"Prado, Lucília Junqueira de Almeida","Rua como Aquela, Uma",Rio de Janeiro,Record,1984,Lit. Inf  Juvenil,Governo,1
5581,Lit. Inf  Juvenil,"Almeida, Lucia Machado de",Spharion: Aventuras de Dico Saburó,São Paulo,Ática,1979,Lit. Inf  Juvenil,Governo,1
5608,Ficção,"Kipling, Rudyard","Livro da Selva, O",São Paulo,Melhoramentos,2006,Ficção,Governo,1
5609,Ficção,"Kipling, Rudyard","Livro da Selva, O",São Paulo,Melhoramentos,2006,Ficção,Governo,1
5611,Ficção,"Kipling, Rudyard","Livro da Selva, O",São Paulo,Melhoramentos,2006,Ficção,Governo,1
5612,Ficção,"Kipling, Rudyard","Livro da Selva, O",São Paulo,Melhoramentos,2006,Ficção,Governo,1
5614,Ficção,"Dourado, Autran","Vida em Segredo, Uma",Rio de Janeiro,Ediouro,1995,Lit. Inf  Juvenil,Governo,1
5618,Ficção,"Dourado, Autran","Vida em Segredo, Uma",Rio de Janeiro,Ediouro,1995,Lit. Inf  Juvenil,Governo,1
5619,Ficção,"Dourado, Autran","Vida em Segredo, Uma",Rio de Janeiro,Ediouro,1995,Lit. Inf  Juvenil,Governo,1
5635,Contos,"José , Elias",Setecontos setecantos- Vol 1,São Paulo,FTD,1996,Contos,Governo,1
5638,Lit. Inf. Juvenil,"Antonio, João",Meninão do Caixote,São Paulo,Atual,1991,Lit. Inf  Juvenil,Governo,1
5641,Lit. Inf. Juvenil,"Antonio, João",Meninão do Caixote,São Paulo,Atual,1991,Lit. Inf  Juvenil,Governo,1
5647,Contos,"José , Elias",Setecontos setecantos- Vol 5,São Paulo,FTD,1991,Contos,Governo,1
5671,,Domingos Pellegrini,Meninos e Meninas,São Paulo,Ática,1999,Contos,Governo,1
5701,Romance,"Verne, Julio",Tio Robinson,São Paulo,Scipione,1998,Romance,Governo,1
5704,Contos,Julio Cortázar,16 Contos Latino-americano,São Paulo,Ática,1999,Contos,Governo,1
5722,Lit. Inf. Juvenil,"Rosa, João Guimarães",Fita verde no cabelo,Rio de Janeiro,Nova Fronteira,1992,Lit. Inf  Juvenil,Governo,1
5724,Lit. Inf. Juvenil,"Rosa, João Guimarães",Fita verde no cabelo,Rio de Janeiro,Nova Fronteira,1992,Lit. Inf  Juvenil,Governo,1
5726,Lit. Inf. Juvenil,"Rosa, João Guimarães",Fita verde no cabelo,Rio de Janeiro,Nova Fronteira,1992,Lit. Inf  Juvenil,Governo,1
5732,Lit. Inf. Juvenil,Diversos autores,Histórias para Ler e Contar - Antologia para Jovens,São Paulo,Global,1998,Lit. Inf  Juvenil,Governo,1
5750,Romance,Jorge Amado,"Morte e a morte de quincas berro dágua, A ",Rio de Janeiro,Record,1998,Romance,Governo,1
5775,Lit. Inf. Juvenil,"Rebelo, Marques",Odisséia,Rio de Janeiro,Ediouro,1996,Lit. Inf  Juvenil,Governo,1
5776,Lit. Inf. Juvenil,"Rebelo, Marques",Odisséia,Rio de Janeiro,Ediouro,1996,Lit. Inf  Juvenil,Governo,1
5780,Romance,"Bandello, Matteo",Romeu e Julieta,São Paulo,Paulus,1988,Romance,Governo,1
5783,Ficção,"Marinho, João Carlos",Sangue Fresco,São Paulo,Global,1998,Ficção Policial,Governo,2
5807,Lit. Inf. Juvenil,"Marinho, João Carlos","Livro da Berenice, O",São Paulo,Global,1998,Lit. Inf  Juvenil,Governo,1
5826,Ficção,"Shelley, Mary",Frankenstein,São Paulo,Cia das Letras,1994,Ficção,Governo,1
5832,Lit. Inf. Juvenil,"Cunha, Leo","Pilhas Fracas do Tempo, As",São Paulo,Atual,1994,Lit. Inf  Juvenil,Governo,1
5834,Ficção,"Christie, Agatha","Assassinato de Roger Ackroyd, O",São Paulo,Globo,1998,Romance Policial,Governo,1
5836,Ficção,"Christie, Agatha","Assassinato de Roger Ackroyd, O",São Paulo,Globo,1998,Lit. Inf  Juvenil,Governo,1
5839,Lit. Inf  Juvenil,"Lacerda, Nilma","Fatias do mundo, As",Belo Horizonte,RHJ,1997,Lit. Inf  Juvenil,Governo,1
5853,Poemas,"Caparelli, Sérgio",33 ciberpoemas e uma fábula virtual,Porto Alegre,L&PM,1996,Lit. Inf  Juvenil,Governo,1
5865,Lit. Inf. Juvenil,"Mott, Odette de Barros","Margens do Araguaia, Nas",São Paulo,Letras & Letras,1991,Lit. Inf  Juvenil,Governo,1
5869,Lit. Inf. Juvenil,"Dickens, Charles",Oliver Twist,Rio de Janeiro,Ediouro,,Lit. Inf  Juvenil,Governo,1
5874,Lit. Inf. Juvenil,"Santos, Joel Rufino dos","Estranha Aventura em Talalai, Uma",São Paulo,Global,1998,Lit. Inf  Juvenil,Governo,1
5876,Lit. Inf. Juvenil,"Santos, Joel Rufino dos","Estranha Aventura em Talalai, Uma",São Paulo,Global,1998,Lit. Inf  Juvenil,Governo,1
5878,Lit. Inf. Juvenil,"Santos, Joel Rufino dos","Estranha Aventura em Talalai, Uma",São Paulo,Global,1998,Lit. Inf  Juvenil,Governo,1
5883,Lit. Inf. Juvenil,Graciliano Ramos,Amigos,São Paulo,Atual,1992,Contos,Governo,2
5890,Coleção,"Lobato, Monteiro","Chave do Tamanho, A",São Paulo,Brasiliense,1997,Lit. Inf  Juvenil,Governo,1
5892,Coleção,"Lobato, Monteiro","Chave do Tamanho, A",São Paulo,Brasiliense,1997,Lit. Inf  Juvenil,Governo,1
5893,Coleção,"Lobato, Monteiro","Chave do Tamanho, A",São Paulo,Brasiliense,1997,Lit. Inf  Juvenil,Governo,1
5894,Coleção,"Lobato, Monteiro","Chave do Tamanho, A",São Paulo,Brasiliense,1997,Lit. Inf  Juvenil,Governo,1
5920,Ficção,"Rangel, Paulo",Revisão criminal: o assassinato de Duclerc,São Paulo,FTD,1992,Ficção Policial,Governo,1
5923,Ficção,"Rangel, Paulo",Revisão criminal: o assassinato de Duclerc,São Paulo,FTD,1992,Ficção Policial,Governo,1
5924,Ficção,"Rangel, Paulo",Revisão criminal: o assassinato de Duclerc,São Paulo,FTD,1992,Ficção Policial,Governo,1
5933,Lit. Inf. Juvenil,"Austen, Jane",Razão e Sensibilidade,São Paulo,Scipione,1997,Lit. Inf  Juvenil,Governo,1
5954,Lit. Inf. Juvenil,"Claver, Ronaldo",Diário do Outro,São Paulo,Atual,1989,Lit. Inf  Juvenil,Governo,1
5960,Lit. Inf. Juvenil,"Orthof, Sylvia",Quem roubou o meu futuro?,São Paulo,Atual,1989,Lit. Inf  Juvenil,Governo,1
5961,Lit. Inf. Juvenil,"Orthof, Sylvia",Quem roubou o meu futuro?,São Paulo,Atual,1989,Lit. Inf  Juvenil,Governo,1
5974,Romance,"Defoe, Daniel",Robinson Crusoé ,São Paulo,Scipione,1997,Romance,Governo,1
5975,Romance,"Defoe, Daniel",Robinson Crusoé ,São Paulo,Scipione,1997,Romance,Governo,1
5976,Romance,"Defoe, Daniel",Robinson Crusoé ,São Paulo,Scipione,1997,Romance,Governo,1
5978,Romance,"Defoe, Daniel",Robinson Crusoé ,São Paulo,Scipione,1997,Romance,Governo,1
5983,Ficção,"Kafka, Franz","Metamorfose, A",São Paulo,Cia das Letras,1997,Ficção,Governo,1
5984,Ficção,"Kafka, Franz","Metamorfose, A",São Paulo,Cia das Letras,1997,Ficção,Governo,1
5999,Romance,"Calvino, Italo","Visconde Partido ao Meio, O",São Paulo,Cia das Letras,1996,Romance,Governo,1
6016,Romance,"Pozenato, José Clemente","Quatrilho, O",Porto Alegre,Mercado Aberto,1996,Romance,Governo,1
6018,Romance,"Pozenato, José Clemente","Quatrilho, O",Porto Alegre,Mercado Aberto,1996,Romance,Governo,1
6019,Romance,"Pozenato, José Clemente","Quatrilho, O",Porto Alegre,Mercado Aberto,1996,Romance,Governo,1
6020,Poema,"Barros, Manoel de",Livro das Ignorãças,Rio de Janeiro,Record,1998,Poesia,Governo,1
6041,Lit. Inf. Juvenil,"Barreto, Antonio",Lua no Varal,Belo Horizonte,Miguilim,1984,Lit. Inf  Juvenil,Governo,1
6042,Teatro,"Capella, Vladimir",Maria Borralheira,São Paulo,Letras & Letra,,Teatro,Governo,1
6045,Contos,Maria Candelária Posada,Contos populares para crianças da America Latina,São Paulo,Ática,1984,Contos,Governo,2
6049,Ficção,"Christie, Agatha","Caso dos Dez Negrinhos, O",São Paulo,O Globo,1998,Ficção,Governo,1
6055,,Carlos Drummond de Andrade,Histórias para o Rei,Rio de Janeiro,Record,1997,Contos,Governo,2
6057,Lit. Inf. Juvenil,"Haggard, Henry Rider","Minas dos Rei Salomão, As",São Paulo,Scipione,1997,Lit. Inf  Juvenil,Governo,1
6058,Lit. Inf. Juvenil,"Haggard, Henry Rider","Minas dos Rei Salomão, As",São Paulo,Scipione,1997,Lit. Inf  Juvenil,Governo,1
6060,Lit. Inf. Juvenil,"Haggard, Henry Rider","Minas dos Rei Salomão, As",São Paulo,Scipione,1997,Lit. Inf  Juvenil,Governo,1
6061,Lit. Inf. Juvenil,"Haggard, Henry Rider","Minas dos Rei Salomão, As",São Paulo,Scipione,1997,Lit. Inf  Juvenil,Governo,1
6062,Lit. Inf. Juvenil,"Haggard, Henry Rider","Minas dos Rei Salomão, As",São Paulo,Scipione,1997,Lit. Inf  Juvenil,Governo,1
6067,Ficção,"Twain, Mark","Aventuras de Tom Sawyer, As",São Paulo,Ática,1999,Ficção,Governo,1
6095,Lit. Inf. Juvenil,"Olivieri, Antonio Carlos","Simulador de Sonhos, O",São Paulo,Cia das Letras,1997,Lit. Inf  Juvenil,Governo,1
6096,Lit. Inf. Juvenil,"Olivieri, Antonio Carlos","Simulador de Sonhos, O",São Paulo,Cia das Letras,1997,Lit. Inf  Juvenil,Governo,1
6097,Lit. Inf. Juvenil,"Olivieri, Antonio Carlos","Simulador de Sonhos, O",São Paulo,Cia das Letras,1997,Lit. Inf  Juvenil,Governo,1
6120,Lit. Inf. Juvenil,"Feth, Monika","Catador de Pensamentos, O",São Paulo,Brinque-Book,1996,Lit. Inf  Juvenil,Governo,1
6226,Romance,"Ribeiro, Darci","Mulo, O",Rio de Janeiro,Record,1998,Romance,Governo,1
6247,Poema,"Bandeira, Manuel",Seleta de Prosa,Rio de Janeiro,Nova Fronteira,1997,Poesia,Governo,1
6256,Romance,"Rosa, João Guimarães","Urubuquaquá, no Pinhém, No",Rio de Janeiro,Nova fronteira,1984,Romance,Governo,1
6323,Coleção,"Lobato, Monteiro",Memorias da Emília,São Paulo,Pallotti,1997,Lit. Inf. Juvenil,Governo,1
6330,Lit. Inf. Juvenil,"Lobato, Monteiro",Caçadas de Pedrinho,São Paulo,Brasiliense,1994,Lit. Inf  Juvenil,Governo,1
6334,Lit. Inf. Juvenil,"Lobato, Monteiro",Geografia de Dona Benta,São Paulo,Brasiliense,1997,Lit. Inf  Juvenil,Governo,1
6348,Romance,"Veríssimo, Erico","Tempo e o Vento, O",São Paulo,Globo,1997,Romance,Governo,1
6349,Romance,"Veríssimo, Erico","Tempo e o Vento, O",São Paulo,Globo,1997,Romance,Governo,1
6351,Romance,"Veríssimo, Erico","Tempo e o Vento, O",São Paulo,Globo,1997,Romance,Governo,1
6363,Romance,"Barreto, Lima",Triste Fim de Policarpo Quaresma,Rio de Janeiro,Record,1998,Romance,Governo,1
6400,,Marcos Rey,Corrida Infernal,São Paulo,Ática,1990,Lit. Inf  Juvenil,,1
6411,Lit. Inf. Juvenil,"Tapajós, Renato","Infância acabou, A",,,,,,1
6425,Lit. Inf. Juvenil,"Marins, Francisco","Mistério dos Morros Dourados, O",São Paulo,Ática,1985,Lit. Inf  Juvenil,Governo,1
6500,Lit. Inf. Juvenil,"José, Ganymedes",Posso te dar meu coração?,São Paulo,Moderna,1989,Lit. Inf  Juvenil,Governo,1
6504,Lit. Inf. Juvenil,"José, Ganymédes","Ladeira da Saudade, A",São Paulo,Moderna ,1983,Lit. Inf  Juvenil,Doacao,1
6505,Lit. Inf. Juvenil,"Versiani, Ivana",Greve na Escola,São Paulo,FTD,1987,Lit. Inf  Juvenil,Governo,1
6507,Lit. Inf. Juvenil,"Machado, Maria Ana","Outro lado tem segredos, Do",Rio de Janeiro,Nova Fronteira,1985,Lit. Inf  Juvenil,,1
6524,Lit. Inf. Juvenil,"Santos, Joel Rufino dos","Estranha Aventura em Talalai, Uma",São Paulo,Global,1998,Lit. Inf  Juvenil,Governo,1
6525,Lit. Inf. Juvenil,"Santos, Joel Rufino dos","Estranha Aventura em Talalai, Uma",São Paulo,Global,1998,Lit. Inf  Juvenil,Governo,1
6529,Lit. Inf. Juvenil,"Santos, Joel Rufino dos","Estranha Aventura em Talalai, Uma",São Paulo,Global,1998,Lit. Inf  Juvenil,Governo,1
6530,Lit. Inf. Juvenil,"Santos, Joel Rufino dos","Estranha aventura em Talalai, Uma",São Paulo,Global,1999,Lit. Inf. Juvenil,Governo,1
6542,Lit. Inf. Juvenil,Diversos autores,Histórias para Ler e Contar - Antologia para Jovens,São Paulo,Global,1999,Lit. Inf  Juvenil,Governo,1
6543,Lit. Inf. Juvenil,Diversos autores,Histórias para Ler e Contar - Antologia para Jovens,São Paulo,Global,1999,Lit. Inf  Juvenil,Governo,1
6545,Lit. Inf. Juvenil,Diversos autores,Histórias para Ler e Contar - Antologia para Jovens,São Paulo,Global,1999,Lit. Inf  Juvenil,Governo,1
6558,Ficção,"Stevenson, Robert Louis","Ilha do Tesouro, A",São Paulo,Melhoramentos,1996,Ficção,Governo,1
6563,Ficção,"Kipling, Rudyard","Livro da Selva, O",São Paulo,Melhoramentos,1996,Ficção,Governo,1
6570,Romance,"Ende, Michael","História sem fim, A",São Paulo,Martins Fontes,2010,Romance,Governo,1
6573,Lit. Inf. Juvenil,"Rosa, João Guimarães",Fita verde no cabelo,Rio de Janeiro,Nova Fronteira,1992,Lit. Inf  Juvenil,Governo,1
6577,Lit. Inf. Juvenil,"Rosa, João Guimarães",Fita verde no cabelo,Rio de Janeiro,Nova Fronteira,1992,Lit. Inf  Juvenil,Governo,1
6578,Lit. Inf. Juvenil,"Rosa, João Guimarães",Fita verde no cabelo,Rio de Janeiro,Nova Fronteira,1992,Lit. Inf  Juvenil,Governo,1
6618,Lit. Inf. Juvenil,"Machado, Maria Ana","Jardim secreto, O",São Paulo,34,1993,Lit. Inf  Juvenil,Governo,1
6639,Romance,"Defoe, Daniel",Robinson Crusoé ,São Paulo,Scipione,1997,Romance,Governo,1
6643,Romance,"Defoe, Daniel",Robinson Crusoé ,São Paulo,Scipione,1997,Romance,Governo,1
6672,Lit. Inf. Juvenil,"Correia, Viriato",Cazuza,São Paulo,Nacional,1979,Lit. Inf  Juvenil,,1
6672,Lit. Inf. Juvenil,"Correia, Viriato",Cazuza,São Paulo,Nacional,1982,Lit. Inf  Juvenil,,1
6672,Coleção,"Lobato, Monteiro","Chave do Tamanho, A",São Paulo,Brasiliense,1997,Lit. Inf  Juvenil,Governo,1
6674,Coleção,"Lobato, Monteiro","Chave do Tamanho, A",São Paulo,Brasiliense,1997,Lit. Inf  Juvenil,Governo,1
6676,Coleção,"Lobato, Monteiro","Chave do Tamanho, A",São Paulo,Brasiliense,1997,Lit. Inf  Juvenil,Governo,1
6677,Coleção,"Lobato, Monteiro","Chave do Tamanho, A",São Paulo,Brasiliense,1997,Lit. Inf  Juvenil,Governo,1
6678,Romance,"Melville, Herman ",Moby Dick,São paulo ,Scipione,1985,Romance,Doacao,1
6687,Lit. Inf. Juvenil,"Sandroni, Luciana","Sítio no Descobrimento, O",São Paulo,Globo,2000,Lit. Inf  Juvenil,Governo,1
6702,Lit. Inf. Juvenil,"Duarte, Marcelo","Arca dos bichos, A ",São Paulo,Cia das Letrinhas,1999,Lit. Inf  Juvenil,Governo,1
6705,Lit. Inf. Juvenil,"Duarte, Marcelo","Arca dos bichos, A ",São Paulo,Cia das Letrinhas,1999,Lit. Inf  Juvenil,Governo,1
6712,Lit. Inf. Juvenil,"Duarte, Marcelo","Arca dos bichos, A ",São Paulo,Cia das Letrinhas,1999,Lit. Inf  Juvenil,Governo,1
6718,Diversos,"Tagliaferri, Cleide Morsoletto","Ovos, Bicos & Penas",São Paulo,Moderna,1999,Aves,Governo,1
6746,Lit. Inf. Juvenil,"Queirós, Bartolomeu Campos","Cinco Sentidos, Os",Belo Horizonte,Migulim,1999,Lit. Inf  Juvenil,Governo,1
6750,Lit. Inf. Juvenil,"Queirós, Bartolomeu Campos","Cinco Sentidos, Os",Belo Horizonte,Migulim,1999,Lit. Inf  Juvenil,Governo,1
6891,Lit. Inf. Juvenil,Ieda de Oliveira,Contexto Sinistro,Rio de Janeiro,Ao livro técnico,2000,Lit. Inf  Juvenil,Governo,1
6893,Lit. Inf. Juvenil,Ieda de Oliveira,Contexto Sinistro,Rio de Janeiro,Ao livro técnico,2000,Lit. Inf  Juvenil,Governo,1
6902,Lit. Inf. Juvenil,Ieda de Oliveira,Contexto Sinistro,Rio de Janeiro,Ao livro técnico,2000,Lit. Inf  Juvenil,Governo,1
6904,Lit. Inf. Juvenil,Ieda de Oliveira,Contexto Sinistro,Rio de Janeiro,Ao livro técnico,2000,Lit. Inf  Juvenil,Governo,1
6906,Contos,"Colasanti, Marina","Amor sem Palavras, Um",São Paulo,Global,2000,Contos,Governo,1
6912,Lit. Inf  Juvenil,"Colasanti, Marina","Amor sem Palavras, Um",São Paulo,Global,2000,Lit. Inf  Juvenil,Governo,1
6923,Lit. Inf. Juvenil,"Murray, Roseana",Porta a Porta,São Paulo,Saraiva,2001,Lit. Inf  Juvenil,Governo,1
6925,Lit. Inf. Juvenil,"Murray, Roseana",Porta a Porta,São Paulo,Saraiva,2001,Lit. Inf  Juvenil,Governo,1
6931,Lit. Inf. Juvenil,"Murray, Roseana",Porta a Porta O,São Paulo,Saraiva,2001,Lit. Inf  Juvenil,Governo,1
6932,Lit. Inf. Juvenil,"Murray, Roseana",Porta a Porta O,São Paulo,Saraiva,2001,Lit. Inf  Juvenil,Governo,1
6942,Lit. Inf. Juvenil,Diversos,Sete faces da escola,São Paulo,Moderna,1998,Lit. Inf  Juvenil,Governo,5
6962,Lit Inf. Juvenil,"Brezima, Thomas","Aviao fantasma, O",São Paulo,Âtica,2000,Lit. Inf  Juvenil,Governo,2
6963,Lit Inf. Juvenil,"Brezima, Thomas","Aviao fantasma, O",São Paulo,Âtica,2000,Lit. Inf  Juvenil,Governo,2
7025,Lit. Inf. Juvenil,"Lispector, Clarice",Como Nasceram as Estrelas,Rio de Janeiro,Rocco,1999,Lendas,Governo,1
7028,Lit. Inf. Juvenil,"Lispector, Clarice",Como Nasceram as Estrelas,Rio de Janeiro,Rocco,1999,Lendas,Governo,1
7030,Lit. Inf. Juvenil,"Lispector, Clarice",Como Nasceram as Estrelas,Rio de Janeiro,Rocco,1999,Lendas,Governo,1
7032,Lit. Inf. Juvenil,"Lispector, Clarice",Como Nasceram as Estrelas,Rio de Janeiro,Rocco,1999,Lendas,Governo,1
7033,Lit. Inf. Juvenil,"Lispector, Clarice",Como Nasceram as Estrelas,Rio de Janeiro,Rocco,1999,Lendas,Governo,1
7038,Lit. Inf. Juvenil,"Lispector, Clarice",Como Nasceram as Estrelas,Rio de Janeiro,Rocco,1999,Lendas,Governo,1
7039,Lit. Inf. Juvenil,"Lispector, Clarice",Como Nasceram as Estrelas,Rio de Janeiro,Rocco,1999,Lendas,Governo,1
7125,Lit. Inf. Juvenil,"Schwarcz, Luiz",Minha Vida de Goleiro,São Paulo,Cia das Letrinhas,1999,Lit. Inf  Juvenil,Governo,1
7177,Coleção,"Lobato, Monteiro",Aritmética da Emília,São Paulo,Brasiliense,1995,Lit. Inf  Juvenil,Governo,1
7178,Coleção,"Lobato, Monteiro",Aritmética da Emília,São Paulo,Brasiliense,1995,Lit. Inf  Juvenil,Governo,1
7179,Coleção,"Lobato, Monteiro",Aritmética da Emília,São Paulo,Brasiliense,1995,Lit. Inf  Juvenil,Governo,1
7181,Coleção,"Lobato, Monteiro",Aritmética da Emília,São Paulo,Brasiliense,1995,Lit. Inf. Juvenil,Governo,1
7183,Coleção,"Lobato, Monteiro",Aritmética da Emília,São Paulo,Brasiliense,1995,Lit. Inf  Juvenil,Governo,1
7184,Coleção,"Lobato, Monteiro",Aritmética da Emília,São Paulo,Brasiliense,1995,Lit. Inf  Juvenil,Governo,1
7187,Coleção,"Lobato, Monteiro",Aritmética da Emília,São Paulo,Brasiliense,1995,Lit. Inf  Juvenil,Governo,1
7188,Coleção,"Lobato, Monteiro",Aritmética da Emília,São Paulo,Brasiliense,1995,Lit. Inf  Juvenil,Governo,1
7192,Lit Inf. Juvenil,"Strausz, Rosa Amanda",Uólace  e João  Víctor,São Paulo,Salamandra,1999,Lit. Inf  Juvenil,Governo,1
7254,Lit. Inf  Juvenil,"Vieira, Isabel e outros",Enquanto meu amor não vem,São Paulo,Saraiva,2001,Lit. Inf  Juvenil,Governo,1
7256,Lit. Inf  Juvenil,"Vieira, Isabel e outros",Enquanto meu amor não vem,São Paulo,Saraiva,2001,Lit. Inf  Juvenil,Governo,1
7263,Lit. Inf  Juvenil,"Vieira, Isabel e outros",Enquanto meu amor não vem,São Paulo,Saraiva,2001,Lit. Inf  Juvenil,Governo,1
7264,Lit. Inf  Juvenil,"Vieira, Isabel e outros",Enquanto meu amor não vem,São Paulo,Saraiva,2001,Lit. Inf  Juvenil,Governo,1
7267,Lit. Inf. Juvenil,"Galdino, Luiz",Cavaleiros do Graal,São Paulo,Quinteto,2000,Lit. Inf  Juvenil,Governo,1
7278,Lit. Inf. Juvenil,"Galdino, Luiz",Cavaleiros do Graal,São Paulo,Quinteto,2000,Lit. Inf  Juvenil,Governo,1
7283,Romance,"Rocha, Ruth","Mistério do Caderninho Preto, O",São Paulo,Ática,2000,Romance,Governo,1
7287,Romance,"Rocha, Ruth","Mistério do Caderninho Preto, O",São Paulo,Ática,2000,Romance,Governo,1
7289,Romance,"Rocha, Ruth","Mistério do Caderninho Preto, O",São Paulo,Ática,2000,Romance,Governo,1
7290,Romance,"Rocha, Ruth","Mistério do Caderninho Preto, O",São Paulo,Ática,2000,Romance,Governo,1
7291,Romance,"Rocha, Ruth","Mistério do Caderninho Preto, O",São Paulo,Ática,2000,Romance,Governo,1
7353,Lit. Inf. Juvenil,"Scliar, Moacyr",Colina dos suspiros ,São Paulo,Moderna,1999,Lit. Inf  Juvenil,Governo,2
7357,Lit. Inf. Juvenil,"Scliar, Moacyr",Colina dos suspiros ,São Paulo,Moderna,1999,Lit. Inf  Juvenil,Governo,2
7371,Diversos,"Klink, Amyr",Mar sem fim,São Paulo,Cia das Letras,2021,Viagens maritmas,Governo,1
7382,Romance,"Aratangy, Lidia Rosenberg",Tesouros da Juventude,São Paulo,Olho D´água,2000,Romance,Governo,1
7409,Lit. Inf. Juvenil,"Braz, Júlio Emílio","Cor da pele, Na ",Rio de Janeiro,José Olympio,2000,Lit. Inf  Juvenil,Governo,1
7418,Lit. Inf. Juvenil,"Bernardo, Gustavo","Alma do Urso, A",Belo Horizonte,Formato Editorial,1999,Lit. Inf  Juvenil,Governo,1
7431,Poema,"Sisto, Celso",Anjo de Papel,Curitiba,Módulo,1998,poesia,Governo,1
7551,Ficção,"Smullyan, Raymond",Alice no País dos Enigmas,Rio de Janeiro,Jorge Zahar,2000,Ficção,Governo,1
7555,Ficção,"Smullyan, Raymond",Alice no País dos Enigmas,Rio de Janeiro,Jorge Zahar,2000,Ficção,Governo,1
7557,Ficção,"Smullyan, Raymond",Alice no País dos Enigmas,Rio de Janeiro,Jorge Zahar,2000,Ficção,Governo,1
7559,Lit. Inf. Juvenil,"Hugo, Victor",Corcunda de Notre-Dame,São Paulo,Scipione,1997,Lit. Inf  Juvenil,Governo,1
7562,Lit. Inf. Juvenil,"Hugo, Victor",Corcunda de Notre-Dame,São Paulo,Scipione,1997,Lit. Inf  Juvenil,Governo,1
7568,Ficção,"Bilac, Olavo","Esqueleto, O",Rio de Janeiro,Casa da Palavra,2000,Ficção,Governo,5
7570,Ficção,"Bilac, Olavo","Esqueleto, O",Rio de Janeiro,Casa da Palavra,2000,Ficção,Governo,5
7572,Ficção,"Bilac, Olavo","Esqueleto, O",Rio de Janeiro,Casa da Palavra,2000,Ficção,Governo,5
7580,Lit. Inf. Juvenil,"Rocha, Ruth",Odisséia,São Paulo,Cia das Letrinhas,2000,Lit. Inf  Juvenil,Governo,1
7583,Lit. Inf. Juvenil,"Rocha, Ruth",Odisséia,São Paulo,Cia das Letrinhas,2000,Lit. Inf  Juvenil,Governo,1
7584,Lit. Inf. Juvenil,"Rocha , Ruth",Odisséia,São Paulo,Cia das Letrinhas,2000,Lit. Inf  Juvenil,Governo,1
7761,Lit Inf. Juvenil,"Bandeira, Pedro","Primeiro Amor de Laurinha, O",São Paulo,Hamburg,1999,Lit. Inf  Juvenil,Governo,1
7767,Lit. Inf. Juvenil,"Hetzel, Bia","Dia da Caça: aventuras do pequeno naturalista, O",São Paulo,Brinque-Book,1998,Lit. Inf  Juvenil,Governo,1
7782,Lit. Inf. Juvenil,"Scliar, Moacyr",Colina dos suspiros ,São Paulo,Moderna,1999,Lit. Inf  Juvenil,Governo,2
7800,Lit. Inf. Juvenil,"Rocha , Ruth",Odisséia,São Paulo,Cia das Letrinhas,2000,Lit. Inf  Juvenil,Governo,1
7884,Romance,"Winston, Groom ",Forrest Gump,Rio de Janeiro,Rocco,1995,Romance,Governo,1
7888,Romance,"Sabino, Fernando","Encontro Marcado, O",Rio de Janeiro,Record,2001,Romance,Governo,1
7890,Romance,"Hesse, Hermann",Demian,Rio de Janeiro,Record,2001,Romance,Governo,1
7894,Ficção,"Forsyth, Frederick","Dia do Chacal, O",Rio de Janeiro,Record,2001,Ficção,Governo,1
7904,Lit. Inf  Juvenil,Sandra Werneck,Pequeno Dicionário amoroso,Rio de Janeiro,Objetiva,2001,Contos,Governo,1
7907,Contos,Márcia Denser,"Cem melhores contos brasileiros do século, Os ",Rio de Janeiro,Objetiva,2001,Contos,Governo,1
7913,Ficção,"Christie, Agatha","Caso dos Dez Negrinhos, O",São Paulo,O Globo,2001,Ficção,Governo,1
7914,Lit. Inf. Juvenil,"Braz, Júlio Emílio","Cor da pele, Na ",Rio de Janeiro,José Olympio,2000,Lit. Inf  Juvenil,Governo,1
7928,Ficção,Edgar  Allan Poe,Histórias Extraordinárias de Allan Poe,Rio de Janeiro,Ediouro,1998,Contos,Governo,1
7939,Romance,João Anzanello Carrascoza,"Vaso azul, O ",São Paulo,Ática,2001,Contos,Governo,1
7944,Lit. Inf. Juvenil,"Haggard, Henry Rider","Minas dos Rei Salomão, As",São Paulo,Scipione,1997,Lit. Inf  Juvenil,Governo,1
7945,,"Wilde, Oscar","Fantasma de Canterville, O ",São Paulo,Scipione,1997,Lit. Inf  Juvenil,Governo,1
7948,Lit. Inf. Juvenil,"Piza, Daniel",Senhoritos de Nova York,São Paulo,FTD,1999,Lit. Inf  Juvenil,Governo,1
7971,Romance,"Machado, Aníbal Monteiro",João Ternura,Rio de Janeiro,josé Olympio,2001,Romance,Governo,1
7987,Romance,"Pellegrini, Domingos","Caso da Chácara Chão, O",Rio de Janeiro,Record,2001,Romance,Governo,1
8220,Ficção,"Machado, Ana Maria","Bisa Bia, Bisa Bel",São Paulo,Moderna,2001,Lit. Inf  Juvenil,Governo,1
8322,Lit. Inf. Juvenil,"Carrasco, Walcyr","Miseráveis, Os ",São Paulo,Richmond ,2018,Lit. Inf  Juvenil,Governo,6
8360,Ficção,"Pinsky, Mirna","Carta errante, avó atrapalhada, menina aniversariante",São Paulo,FTD,2001,Ficção,Governo,1
8392,Poema,"Murray, Roseana","Bailariana, A",São Paulo,FTD,2001,Poesia,Governo,1
8459,Conto,"Machado, Ana maria e outros",Quem conta um conto?,São Paulo,FTD,2001,Lit. Inf  Juvenil,Governo,1
8464,Conto,"Machado, Ana maria e outros",Quem conta um conto?,São Paulo,FTD,2001,Lit. Inf  Juvenil,Governo,1
8812,Lit. Inf. Juvenil,Mark Twain,"Assassinato, um Mistério e um Casamento, Um ",Rio de Janeiro,Objetiva,2001,Lit. Inf  Juvenil,,1
8813,Lit. Inf. Juvenil,Mark Twain,"Assassinato, um Mistério e um Casamento, Um ",Rio de Janeiro,Objetiva,2001,Lit. Inf  Juvenil,,1
8858,Lit. Inf. Juvenil,"Sabino, Fernando",Cara ou Coroa,São Paulo,Ática,2002,Lit. Inf  Juvenil,Governo,1
8859,Lit. Inf. Juvenil,"Sabino, Fernando",Cara ou Coroa,São Paulo,Ática,2002,Lit. Inf  Juvenil,Governo,1
8892,Lit. Inf. Juvenil,"Lasky, Kathryn","Bibliotecário que mediu a Terra, O",Rio de Janeiro,Salamandra,2001,Lit. Inf  Juvenil,Governo,8
8907,Lit. Inf. Juvenil,"Carvalho, Raimundo",Circo Universal,Belo Horizonte,Dimensão,2000,Lit. Inf  Juvenil,Governo,1
8922,Lit. Inf. Juvenil,"Nuvens, Sebastião","Cidade das Estrelas, A",Sabará,Dubolsinho,2002,Lit. Inf  Juvenil,Governo,1
8934,Romance,"Uris, Leon",Exodus,Rio de Janeiro,Record,2002,Romance,Governo,1
8935,Romance,"Aubert, Brigitte",Réquiem Caribenho,São Paulo,Cia das Letras,2001,Romance,Governo,1
8942,Ficção,"Aldiss, Brian",Superbrinquedo duram o verão todo,São Paulo,Cia das Letras,2001,Ficção,Governo,1
8947,Diversos,"Young, Fernanda e Outro","Normais, Os",Rio de Janeiro,Objetiva,2002,Televisão,Governo,1
8960,Ficção,"Christie, Agatha",Aventura em Bagdá,Rio de Janeiro,Nova Fronteira,2003,Ficção,Governo,1
8973,Romande,"Alencar, José de",Ubirajara,São Paulo,Ediouro,2002,Romance,Governo,1
8990,Ficção,"Lobato, Monteiro",Alice  no País das Maravilhas,São Paulo,Cia Nacional,2002,Lit. Inf  Juvenil,Governo,1
8998,Romance,"London, Jack",Caninos Brancos,São Paulo,Cia Nacional,2002,Romance,Governo,1
8999,Lit. Inf. Juvenil,"Porter, Eleanor Hodgan",Pollyana,São Paulo,Nacional ,2002,Lit. Inf  Juvenil,Governo,1
9000,Lit. Inf. Juvenil,"Porter, Eleanor Hodgan",Pollyana,São Paulo,Nacional ,2002,Lit. Inf  Juvenil,Governo,1
9025,,Frances Fyfield,Jogo de Sombras,São Paulo,Cia das Letras,1997,Contos,Governo,1
9038,Ficção,"Kafka, Franz","Metamorfose, A",São Paulo,Cia das Letras,1997,Ficção,Governo,1
9146,Lit. Inf. Juvenil,"Sandroni, Luciana",Minhas memórias de Lobato,São Paulo,Cia das Letrinhas,1997,Lit. Inf  Juvenil,Governo,1
9181,Lit. Inf. Juvenil,"Rocha , Ruth",Odisséia,São Paulo,Cia das Letrinhas,2000,Lit. Inf  Juvenil,Governo,1
9183,Lit. Inf. Juvenil,"Rocha , Ruth",Odisséia,São Paulo,Cia das Letrinhas,2000,Lit. Inf  Juvenil,Governo,1
9260,Lit. Inf. Juvenil,"Pinsky, Mirna Gleich",Sonho de Verão: uma história de amor,São Paulo,SENAC,2003,Lit. Inf  Juvenil,Governo,1
9261,,Atiq Rahimi,Terra e Cinzas,São Paulo,Estação Liberdade,2002,Romance,Governo,1
9262,,Atiq Rahimi,Terra e Cinzas,São Paulo,Estação Liberdade,2002,Romance,Governo,1
9284,Ficção,"Cony, Carlos Heitor","Mistério da coroa imperial, O  ",Rio de Janeiro,Petra,2017,Ficção,Governo,1
9303,Romance,"Scliar, Moacyr",Eden-Brasil,São Paulo,Cia das Letras,2002,Romance,Governo,1
9308,Lit. Inf. Juvenil,"Lonza, Furio",Eric com o pé na estrada,São Paulo,Cia das Letras,2002,Lit. Inf  Juvenil,Governo,1
9310,Lit. Inf. Juvenil,"Lonza, Furio",Eric com o pé na estrada,São Paulo,Cia das Letras,2002,Lit. Inf  Juvenil,Governo,1
9314,Contos,"Gullar, Ferreira","Menino e o Arco-íris, O",São Paulo,Ática,2003,Crônicas,Governo,1
9319,Lit. Inf. Juvenil,"Dimenstein, Gilberto e Heloisa Prieto",Mano descobre a solidariedade,São Paulo,SENAC,2001,Lit. Inf  Juvenil,Governo,1
9322,Ficção,"Barbosa, Rogerio Andrade","Anel de Tutancâmon, O",São Paulo,Melhoramentos,2002,Ficção,Governo,1
9333,Lit. Inf. Juvenil,"Bloch, Pedro","Tininho, o Folgado ",São Paulo,Nacional ,2002,Lit. Inf  Juvenil,,1
9337,Lit. Inf. Juvenil,"Scliar, Moacyr",Memórias de um aprendiz de Escritor,São Paulo,Nacional,2002,Lit. Inf  Juvenil,Governo,1
9342,Lit. Inf. Juvenil,"Stevenson, Robert Louis","Ilha do Tesouro, A",São Paulo,Cia Ed. Nacional,2002,Lit. Inf  Juvenil,Governo,1
9344,Lit Inf. Juvenil,"Cooper, J. Fenimore","Último dos Moicanos, O",São Paulo,Cia Ed. Nacional,2002,Lit. Inf  Juvenil,Governo,1
9352,Lit. Inf. Juvenil,"Doyle, Arthur Conan","Mundo Perdido, O",São Paulo,Cia Nacional,2002,Lit. Inf  Juvenil,Governo,1
9353,Lit. Inf. Juvenil,"Curwood, James Olivier",Nômades do Norte,São Paulo,Cia Ed. Nacional,2002,Lit. Inf  Juvenil,Governo,1
9378,Diversos,"Castelo Branco, Carlos Alberto",Conexão Sardinha,Rio de Janeiro,Nova Fronteira,2001,Novela,Governo,1
9422,Lit. Inf. Juvenil,"Danziger, Paula",Clara Rosa vê Vermelho,Rio de Janeiro,Rocco,2002,Lit. Inf  Juvenil,Governo,1
9423,Lit. Inf. Juvenil,"Danziger, Paula",Clara Rosa vê Vermelho,Rio de Janeiro,Rocco,2002,Lit. Inf  Juvenil,Governo,1
9424,Lit. Inf. Juvenil,"Danziger, Paula",Clara Rosa vê Vermelho,Rio de Janeiro,Rocco,2002,Lit. Inf  Juvenil,Governo,1
9431,Lit. Inf. Juvenil,"Souza, Flavio de","Causo do colar Arco,íris , O ",São Paulo,Mercuryo,2002,Lit. Inf  Juvenil,Governo,1
9433,Lit. Inf. Juvenil,"Souza, Flavio de","Causo do colar Arco,íris , O ",São Paulo,Mercuryo,2002,Lit. Inf  Juvenil,Governo,1
9439,Ficção,"Lima, Edy","Vaca Voadora, A",São Paulo,Global,2002,Lit. Inf  Juvenil,Governo,1
9463,Lit. Inf. Juvenil,"Barbosa, Rogério Andrade","Trilha do Mamute, Na",São Paulo,Saraiva,2003,Lit. Inf  Juvenil,Governo,1
9469,Lit Inf. Juvenil," Costa, Marco Túlio",Gato Que  Falava Siamês,Rio de Janeiro,Record,2003,Lit. Inf  Juvenil,Governo,1
9475,Lit. Inf. Juvenil,"Dimenstein, Gilberto e Heloisa Prieto",Mano descobre a liberdade,São Paulo,SENAC,2001,Lit. Inf  Juvenil,Governo,1
9483,Coleção,"Lobato, Monteiro","Reforma da Natureza, A",São Paulo,Brasiliense,2003,Lit. Inf  Juvenil,Governo,1
9484,Coleção,"Lobato, Monteiro","Reforma da Natureza, A",São Paulo,Brasiliense,2003,Lit. Inf  Juvenil,Governo,1
9486,Lit. Inf. Juvenil,"Betto, Frei e outra",Fogãozinho,São Paulo,Mercuryo,2002,Lit. Inf  Juvenil,Governo,1
9487,Lit. Inf. Juvenil,"Betto, Frei e outra",Fogãozinho,São Paulo,Mercuryo,2002,Lit. Inf  Juvenil,Governo,1
9506,Lit. Inf. Juvenil,"Rios, Rosana",Por-do-sol e Pão de Queijo,São Paulo,Studio Nobel,2002,Lit. Inf  Juvenil,Governo,1
9507,Lit. Inf. Juvenil,"Rios, Rosana",Por-do-sol e Pão de Queijo,São Paulo,Studio Nobel,2002,Lit. Inf  Juvenil,Governo,1
9508,Lit. Inf. Juvenil,"Rios, Rosana",Por-do-sol e Pão de Queijo,São Paulo,Studio Nobel,2002,Lit. Inf  Juvenil,Governo,1
9557,Lit. Inf. Juvenil,"Maldonado, Maria Tereza","Florestania, a cidadania dos povos da floresta",São Paulo,Saraiva,2002,Lit. Inf. Juvenil,Doacao,1
9589,Lit. Inf. Juvenil,"Rezende Maris, Stela","Terra dos mais belos desejos, A",São Paulo,PauLus ,2002,Lit. Inf  Juvenil,Governo,1
9598,Lit Inf. Juvenil,"Cruz, Nelson",Bárbara e Alvarenga,Belo Horizonte,Formato Editorial,2001,Lit. Inf  Juvenil,Governo,1
9606,Lit. Inf  Juvenil,"Garcia, Edson Gabriel","Pássaro das duas metades, O",São Paulo,Moderna ,2000,Lit. Inf  Juvenil,Governo,1
9615,Lit. Inf. Juvenil,"Martins, Georgina","Olho da Rua, No",São Paulo,Ática,2003,Lit. Inf  Juvenil,Governo,1
9615,Lit. Inf. Juvenil,"Martins, Georgina ","Olho da rua , No",São Paulo,Ática,2003,Lit. Inf  Juvenil,Governo,1
9620,Lit. Inf. Juvenil,"Varella, Drauzio","Braços para o Alto, De",São Paulo,Cia das Letrinhas,2008,Lit. Inf  Juvenil,Governo,1
9628,Romance,"Vasques Montalban, Manuel","Senhor dos Bonsais, O",São Paulo,Cia das Letras,2002,Romance,Governo,1
9629,Lit. Inf. Juvenil,"Mello, Roger",Meninos do mangue,São Paulo,Companhia das letrinhas,2003,Lit. Inf. Juvenil,Governo,1
9630,Lit. Inf. Juvenil,"Mello, Roger",Meninos do Mangue,São Paulo,Cia das Letrinhas,2001,Lit. Inf  Juvenil,Governo,1
9633,Lit. Inf. Juvenil,"Seuss, Dr.","Lugares aonde você irá, Ah, os",São Paulo,Cia das Letrinhas,2001,Lit. Inf  Juvenil,Governo,1
9639,Lit. Inf. Juvenil,"Martinelli, Tânia Alexandre","Que é que eu posso fazer?, O",São Paulo,Atual,2002,Lit. Inf  Juvenil,Governo,1
9642,Lit Inf. Juvenil,"Palaoro, V. J.",Golpe de Vista,São Paulo,Atual,2002,Lit. Inf  Juvenil,Governo,1
9643,Lit Inf. Juvenil,"Palaoro, V. J.",Golpe de Vista,São Paulo,Atual,2002,Lit. Inf  Juvenil,Governo,1
9647,Lit. Inf. Juvenil,"Oliveira, Nelson de","Mais dia menos dia, a paixão",São Paulo,Hedra,2002,Lit. Inf  Juvenil,Governo,1
9677,Contos,Vilma Maria da Silva,Contos Populares Chineses,São Paulo,Landy,2003,Contos,Governo,1
9679,Contos,Abreu. Antonio Daniel,Contos Populares Chineses- Vol 2,São Paulo,Landy,2003,Contos,Governo,1
9680,Contos,Joseph Jacobs,Contos de fadas Celtas,São Paulo,Landy,2003,Contos,Governo,1
9685,Ficção,"Kipling, Rudyard","Livro da Selva, O",São Paulo,Landy,2002,Ficção,Governo,1
9690,Romance,"Defoe, Daniel",Robinson Crusoé ,São Paulo,Cia Nacional,2002,Romance,Governo,1
9692,Coleção,"Lobato, Monteiro",Aventuras de Hans Staden,São Paulo,Brasiliense,2002,Lit. Inf  Juvenil,Governo,1
9693,Coleção,"Lobato, Monteiro",Aventuras de Hans Staden,São Paulo,Brasiliense,2002,Lit. Inf  Juvenil,Governo,1
9708,Lit. Inf. Juvenil,"Mallory, Sir Thomas","Rei Artur e os Cavaleiros da Távola Redonda, O",São Paulo,Rideel,2002,Lit. Inf  Juvenil,Governo,1
9715,Lit. Inf. Juvenil,"Galdino, Luiz","Rapto de Helena, O",São Paulo,FTD,2001,Lit. Inf  Juvenil,Governo,1
9716,Coleção,"Lobato, Monteiro","Doze Trabalhos de Hércules, Os",São Paulo,Brasiliense,1994,Lit. Inf  Juvenil,Governo,1
9716,Coleção,"Lobato, Monteiro","Doze Trabalhos de Hércules, Os",São Paulo,Brasiliense,2004,Lit. Inf  Juvenil,Governo,1
9716,Coleção,"Lobato, Monteiro","Doze Trabalhos de Hércules, Os",São Paulo,Brasiliense,1997,Lit. Inf  Juvenil,Governo,1
9725,Lit. Inf. Juvenil,"Doyle, Arthur Conan","Mundo Perdido, O",São Paulo,Scipione,2001,Lit. Inf  Juvenil,Governo,1
9726,Lit. Inf. Juvenil,"Doyle, Arthur Conan","Mundo Perdido, O",São Paulo,Scipione,2001,Lit. Inf  Juvenil,Governo,1
9729,Romance,"Hugo, Victor","Lenda do belo Pecopin e da bela Bauldour, A",São Paulo,Mercuryo,2002,Lit. Inf  Juvenil,Governo,1
9737,Lit. Inf  Juvenil,Frances Hodgson Burnett,"Pequeno Lord, O ",São Paulo,34,2002,Contos,Governo,1
9738,Lit. Inf  Juvenil,Frances Hodgson Burnett,"Pequeno Lord, O ",São Paulo,34,2002,Contos,Governo,1
9746,Ficção,"Tahan, Malba","Livro de Aladin, O",Rio de Janeiro,Record,2003,Ficção,Governo,1
9748,Ficção,"Tahan, Malba","Livro de Aladin, O",Rio de Janeiro,Record,2003,Ficção,Governo,1
9750,Contos,Malba Tahan,"Melhores contos, Os ",Rio de Janeiro,Record,2003,Contos,Governo,1
9750,Contos,"Tahan, Malba ","Melhores contos, Os ",Rio de Janeiro,Record,2003,Contos,Governo,1
9759,Contos,"Assis, Machado de","Melhores contos, Os ",São Paulo,Global,2002,Contos,Governo,1
9761,,Cora Coralina,"Tesouro da casa velha, O ",São Paulo,Global,2002,Contos,Governo,1
9848,Lit. Inf. Juvenil,"Rocha, Ruth e Otavio Roth","Livro da Escrita, O",São Paulo,Melhoramentos,1992,Lit. Inf  Juvenil,Governo,1
9854,Lit. Inf. Juvenil,"Rocha, Ruth e Otavio Roth","Livro do Papel, O",São Paulo,Melhoramentos,1992,Lit. Inf  Juvenil,Governo,1
9856,,Jorge Miguel Marinho,"Amor esta com pressa, O ",São Paulo,Melhoramentos,2002,Contos,Governo,2
9881,Lit. Inf. Juvenil,"Stevenson, Robert Louis","Ilha do Tesouro, A",São Paulo,Cia Ed. Nacional,2002,Lit. Inf  Juvenil,Governo,1
9882,Romance,"Defoe, Daniel",Robinson Crusoé ,São Paulo,Cia Nacional,2002,Romance,Governo,1
9884,Lit. Inf. Juvenil,Walcyr Carrasco,Cadê o Super-Herói?,São Paulo,Global,2002,Lit. Inf  Juvenil,,1
9884,Lit. Inf. Juvenil,Walcyr Carrasco,Cadê o Super-Herói?,São Paulo,Global,2002,Lit. Inf  Juvenil,,1
9897,Lit. Inf. Juvenil,"Villas Boas, Marion",Mistérios da Pindorama,Rio de Janeiro,Biruta,2000,Lit. Inf  Juvenil,Governo,1
9903,Lit. Inf. Juvenil,"Dreguer, Ricardo","Homem-passaro, O",São Paulo,Moderna,2003,Lit. Inf  Juvenil,Governo,1
9906,Poemas,"Bilac, Olavo",Melhores Poemas,São Paulo,Global,2003,Poesia,Governo,1
9907,Poemas,"Bilac, Olavo","Soldado e a Trombeta, O",São Paulo,Global,2003,Poesia,Governo,1
9908,Diversos,"Scliar, Moacyr","Tio que flutuava, O ",São Paulo,Ática,2003,Novela,Governo,1
9911,Lit. Inf. Juvenil,"Prieto, Heloisa",Rotas Fantásticas,São Paulo,FTD,2003,Ficção,Governo,1
9926,Lit. Inf. Juvenil,"Andrade, Tiago de Melo","Batata Infalível, A",São Paulo,DCL,2003,Lit. Inf  Juvenil,Governo,1
9933,Lit. Inf. Juvenil,"Massa, Ana Cristina",Mistério no Museu Imperial,São Paulo,Biruta,2003,Lit. Inf  Juvenil,Governo,1
9947,Lit. Inf. Juvenil,"Cunha, Carolina",Aguemon,São Paulo,Martins Fontes,2002,Lit. Inf  Juvenil,Governo,1
9948,Coleção,"Alencar, José de","Guarani, O",Cotia,Ateliê,2000,Vestibular,Governo,1
9951,Lit. Inf  Juvenil,"Swift, Jonathan",Viagens de Gulliver,São Paulo,DCL,2004,Lit. Inf  Juvenil,Governo,1
9953,Poema,Antonio Gonçalves da silva,Antologia Poética Patativa do Assaré,Fortaleza ,Demócrito Rocha,2004,Antologia Poética,Governo,1
9955,Romance,"McCulllough, Colleen",Pássaros feridos,Rio de Janeiro,Bertrand Brasil,2003,Romance,Doacao,1
9962,,"Suassuna, Ariano","Santo e a Porca, O ",Rio de Janeiro,Olympio,2003,Teatro Brasileiro,Governo,1
9963,Contos,Rachel de Queiroz,"Melhor do conto brasileiro, O",Rio de Janeiro,José Olympio,2004,Contos,Governo,1
9968,Poema,"Bandeira, Manuel",Antologia Poética,Rio de Janeiro,Nova Fronteira,2001,Poesia,Governo,1
9971,Lit. Inf. Juvenil,"Cony, Carlos Heitor",Mil e uma noites,Rio de Janeiro,Ediouro,2001,Lit. Inf  Juvenil,Governo,1
9977,Romance,"Mendonça, Bernardo de",Romance da Onça Dragona,Rio de Janeiro,Graphia,2003,Lit. Inf  Juvenil,Governo,1
9982,Teatro,"Machado, Maria  Clara","Diamante do Grão-mogol, O ",São Paulo,Cia das Letras,2003,Teatro ,Governo,1
9992,Ficção,"Kafka, Franz","Metamorfose, A",São Paulo,Cia das Letras,2003,Ficção,Governo,1
10012,Romance,"Stevenson, Robert Louis",Raptado,São Paulo,Cia Ed. Nacional,2003,Romance,Governo,1
10013,Romance,"Stevenson, Robert Louis",Raptado,São Paulo,Cia Ed. Nacional,2003,Romance,Governo,1
10022,Lit Inf. Juvenil,"Alencar, José de",Ubirajara,São Paulo,Martins Fontes,2003,Lit. Inf  Juvenil,Governo,1
10026,Romance,"Veríssimo, Erico","Tempo e o Vento, O",São Paulo,Globo,2003,Romance,Governo,1
10044,Coleção,"Lobato, Monteiro","Reforma da Natureza, A",São Paulo,Brasiliense,2004,Lit. Inf  Juvenil,Governo,1
10045,Lit. Inf. Juvenil,"Lobato, Monteiro",Peter Pan,São Paulo,Brasiliense,2004,Lit. Inf  Juvenil,Governo,1
10047,Coleção,"Lobato, Monteiro","Chave do Tamanho, A",São Paulo,Brasiliense,2004,Lit. Inf  Juvenil,Governo,1
10052,Lit. Inf. Juvenil,"Lobato, Monteiro",Caçadas de Pedrinho,São Paulo,Brasiliense,2004,Lit. Inf  Juvenil,Governo,1
10053,Coleção,"Lobato, Monteiro",Emília no País da Gramática,São Paulo,Brasiliense,2004,Lit. Inf  Juvenil,Governo,1
10053,Lit. Inf. Juvenil,"Versiani, Ivana",Ainda uma vez - Adeus!,Sabará,Dubolsinho,2006,Lit. Inf  Juvenil,Governo,1
10054,Coleção,"Lobato, Monteiro",Aritmética da Emília,São Paulo,Brasiliense,2004,Lit. Inf  Juvenil,Governo,1
10055,Coleção,"Lobato, Monteiro",Memórias de Emília,São Paulo,Brasiliense,2004,Lit. Inf  Juvenil,Governo,1
10056,Lit. Inf. Juvenil,"Lobato, Monteiro",Histórias de Tia Nastácia,São Paulo,Brasiliense,1995,Lit. Inf  Juvenil,Governo,1
10072,Poema,"MORAES, DE VINICIUS",Antologia poética,São Paulo,Schwarcz,1992,poesia,Governo,1
10079,Romance,"Telles, Lygia Fagundes",Ciranda de Pedras,Rio de Janeiro,Rocco,1998,Romance,Governo,1
10080,Romance,"Lins, Osman",Nove novenas,São Paulo,Cia das Letras,1994,Romance,Governo,1
10087,Romance,"Cony, Carlos Heitor",Quase Memória,São Paulo,Cia das Letras,1995,Romance,Governo,1
10089,Romance,"Nassar, Raduan",Lavoura Arcaica,São Paulo,Cia das Letras,1989,Romance,Governo,1
10110,Contos,Francisco de Ary Quintela,Melhores contos Marques Rebelo,São Paulo,Global,2004,Contos,Governo,1
10116,Romance,"Rego, José Lins do",Menino de Engenho,Rio de Janeiro,José Olympio,2004,Romance,Governo,1
10117,Romance,"Palmério, Mário",Vila dos Confins,Rio de Janeiro,José Olympio,2004,Romance,Governo,1
10132,Romance,"Amado, Jorge",Mar Morto,Rio de Janeiro,Record,2004,Romance,Governo,1
10133,Romance,"Ribeiro, João Ubaldo",Viva o Povo Brasileiro,Rio de Janeiro,Nova fronteira,1984,Romance,Governo,1
10164,Romance,"Cardoso, Lúcio",Crônicas da Casa Assasinada ,Rio de Janeiro,Civilização Brasileira,2004,Romance,Governo,1
10233,Contos,Charles Perrault,Histórias ou Contos de Outrora,São Paulo,Landy,2004,Contos,Governo,1
10251,Contos,"Machado, Regina ","Violino cigano, O ",São Paulo,Cia das Letras,2004,Contos,Governo,1
10281,Lit. Inf. Juvenil,"Oldroyd, Mark ","Cão dos Baskerville, O ",,CDD,2005,Lit. Inf  Juvenil,Governo,1
10282,Lit. Inf. Juvenil,"Oldroyd, Mark ","Cão dos Baskerville, O ",,CDD,2005,Lit. Inf  Juvenil,Governo,1
10283,Lit. Inf. Juvenil,"Oldroyd, Mark ","Cão dos Baskerville, O ",,CDD,2005,Lit. Inf  Juvenil,Governo,1
10286,Lit. Inf. Juvenil,"Oldroyd, Mark ","Cão dos Baskerville, O ",,CDD,2005,Lit. Inf  Juvenil,Governo,1
10328,Conto,"Alcantara Mach, Antonio de  e Outros",Gente em Conflito,São Paulo,Ática,2005,Contos,Governo,3
10329,Conto,"Alcantara Mach, Antonio de  e Outros",Gente em Conflito,São Paulo,Ática,2005,Contos,Governo,3
10330,Conto,"Alcantara Mach, Antonio de  e Outros",Gente em Conflito,São Paulo,Ática,2005,Contos,Governo,3
10332,Conto,"Alcantara Mach, Antonio de  e Outros",Gente em Conflito,São Paulo,Ática,2005,Contos,Governo,3
10335,Conto,"Alcantara Mach, Antonio de  e Outros",Gente em Conflito,São Paulo,Ática,2004,Contos,Governo,2
10337,Conto,"Alcantara Mach, Antonio de  e Outros",Gente em Conflito,São Paulo,Ática,2004,Contos,Governo,2
10339,Lit. Inf. Juvenil,"Stevenson, Robert Louis","Ilha do Tesouro, A",São Paulo,Cia Ed. Nacional,2004,Lit. Inf  Juvenil,Governo,1
10340,Lit. Inf. Juvenil,"Stevenson, Robert Louis","Ilha do Tesouro, A",São Paulo,Cia Ed. Nacional,2002,Lit. Inf  Juvenil,Governo,1
10351,Contos,Oscar Wilde,Contos Inéditos,Rio de Janeiro,Nova Fronteira,2005,Contos,Governo,3
10423,Lit. Inf. Juvenil,"Gribel, Chistiane",Cínthia Holmes e Watson e suas incríveis descobertas,São Paulo,Salamandra,2004,Lit. Inf  Juvenil,Governo,1
10424,Lit. Inf. Juvenil,"Machado, Ana Maria",Bem do seu tamanho,Guarulhos,Salamandra,2007,Lit. Inf  Juvenil,Governo,1
10427,Lit. Inf. Juvenil,"Iacocca, Liliana","Boca bem fechada, De",São Paulo,Ática,2005,Lit. Inf  Juvenil,Governo,1
10431,Lit. Inf  Juvenil,"Bandeira, Pedro",Pântano de Sangue,São Paulo,Moderna ,2003,Lit. Inf  Juvenil,Governo,1
10441,Ficção ,"Tolkien, J. R. R.",Mestre Gil de Ham,São Paulo,Martins Fontes,2003,Ficção,Governo,1
10453,Lit. Inf. Juvenil,"Bojunga, Lygia",Angélica,Rio de Janeiro,Casa Lygia Bojunga,2004,Lit. Inf  Juvenil,Governo,1
10457,Lit. Inf. Juvenil,"Nicolelis, Giselda Laporta",Ponte sobre o Abismo,São Paulo,Quinteto Ed,2003,Lit. Inf  Juvenil,Governo,1
10458,Diversos,"Zatz, Lia","Dada, Bordando o Cangaço",São Paulo,Callis,2004,Mulheres,Governo,1
10459,Lit. Inf. Juvenil,"Martius, Claudio",Não pegue este livro! fuja ! corra!,São Paulo,Geração Editorial,2005,Lit. Inf  Juvenil,Governo,1
10462,Lit. Inf. Juvenil,"Sabino, Fernando",Bolofofos e Finifinos,São Paulo,Ediouro,2004,Lit. Inf  Juvenil,,1
10463,Ficção,"Verne, Julio",Vinte mil léguas submarinas,São Paulo,Ediouro,2004,Lit. Inf  Juvenil,Governo,1
10468,Lit. Inf. Juvenil,"Garcia, Edson Gabriel",Diário de Biloca,São Paulo,Atual,2003,Lit. Inf  Juvenil,Governo,1
10470,Lit. Inf. Juvenil,"Pinsky, Mirna",Nó na garganta,São Paulo,Entre Linhas ,2004,Lit. Inf  Juvenil,Governo,1
10472,Lit. Inf. Juvenil,"Collodi, Carlo",Pinóquio,São Paulo,Cia Ed. Nacional,2004,Lit. Inf  Juvenil,Governo,1
10476,Lit. Inf. Juvenil,"Telles, Carlos Queiroz","Sonhos, grilos e paixões",São Paulo,Moderna ,2003,Lit. Inf  Juvenil,Governo,1
10484,Lit. Inf. Juvenil,"Sommer-Bodenburg, Angela","Pequeno Vampiro no vale das lamentações, O",São Paulo,Martins Fontes,2004,Lit. Inf  Juvenil,Governo,1
10485,,"Munduruku, Daniel",Contos Indiginos Brasileiros,São Paulo,Global,2004,Folclore Indigenas,Governo,1
10488,Lit. Inf. Juvenil,"Ganem, Eliane ","Outro lado do tabuleiro, O",Rio de Janeiro,moderna,2004,Lit. Inf  Juvenil,Governo,1
10494,Lit. Inf. Juvenil,"Pinsky, Mirna","Casa - Casos de Família, A",São Paulo,FTD,2004,Lit. Inf  Juvenil,Governo,1
10495,Lit. Inf. Juvenil,"Arni, Samhita",Mahabharatha2,São Paulo,Conrad Livros,2004,Lit. Inf. Juvenil,Governo,1
10531,Ficção,"Christie, Agatha",Aventura em Bagdá,Rio de Janeiro,Nova Fronteira,2003,Ficção,Governo,1
10532,Ficção,"Christie, Agatha",Aventura em Bagdá,Rio de Janeiro,Nova Fronteira,2003,Ficção,Governo,1
10536,Leitura Permanente,"Colasanti, Marina",Entre a Espada e a Rosa,São Paulo,Salamandra,2005,Contos,Governo,1
10542,Lit. Inf. Juvenil,"Murray, Roseana",Todas as cores dentro do branco,Rio de Janeiro,Nova fronteira,2004,Lit. Inf  Juvenil,Governo,1
10544,Contos,"Alves, Fernando",Contos Mágicos Persas,São Paulo,Aquariana,2004,Contos,Governo,1
10555,Romance,"Lessa, Orígenes",Dom Quixote,Rio de Janeiro,Ediouro,2005,Romance,Governo,1
10569,Ficção,"Press, Julian",Operação Dragão Amarelo,São Paulo,Cia das Letras,2005,Ficção,Governo,1
10586,Lit. Inf. Juvenil,Índigo,Saga Animal,São Paulo,Hedra,2001,Lit. Inf  Juvenil,Governo,1
10586,Lit. Inf. Juvenil,"Scliar, Moacyr","Cavalos da República, Os",São Paulo,Ática,2005,Lit. Inf  Juvenil,Governo,1
10607,Lit. Inf. Juvenil,"Savaget, Luciana",Operação resgate em Bagdá: a batalha do invisível,Rio de Janeiro,Nova Fronteira,2005,Lit. Inf  Juvenil,Governo,1
10612,Lit. Inf  Juvenil,"Galdino, Luiz","Destino de Perseu, O ",São Paulo,FTD,2004,Lit. Inf  Juvenil,Governo,1
10614,,Ray Bradbury,"Bruxa de abril, A ",São Paulo,SM,2005,Contos,Governo,1
10623,Contos,"Azevedo, Artur",Contos de Artur Azevedo,São Paulo,DCL,2005,Contos,Governo,1
10696,Diversos,"Louzeiro, José",Villa-Lobos - O aprendiz de Feiticeiro,Rio de Janeiro,Ediouro,1998,Lit. Inf  Juvenil,Governo,1
10704,Lit. Inf. Juvenil,"Machado, Maria Ana","Outra Face, A",São Paulo,Ática,2007,Lit. Inf  Juvenil,Governo,1
10705,Romance,"Rocha, Ruth","Mistério do Caderninho Preto, O",São Paulo,Ática,2007,Romance,Governo,1
10707,Lit. Inf. Juvenil,"Scliar, Moacyr","Caminho dos Sonhos, No",São Paulo,Ática,2007,Lit. Inf  Juvenil,Governo,1
10709,Lit. Inf. Juvenil,"Queiros, Bartolomeu","Olhos de vidro do meu avô, O",São Paulo,moderna,2004,Lit. Inf  Juvenil,Governo,1
10718,Lit. Inf. Juvenil,"Murray, Roseana","Pera, Uva ou Maçã?",São Paulo,Scipione,2005,Lit. Inf  Juvenil,Governo,1
10719,Lit. Inf. Juvenil,"Cruz, Nelson",Mateus,São Paulo,Scipione,2006,Lit. Inf  Juvenil,Governo,1
10731,Romance,"Orwell, George","Revolução dos Bichos, A ",São Paulo,Globo,2000,Ficção Inglesa,Governo,1
10744,Lit. Inf. Juvenil,"Rylant, Cynthia",Café Van Gogh,Rio de Janeiro,José Olympio,2006,Lit. Inf  Juvenil,Governo,1
10746,Romance,"Rego, José Lins do",Doidinho,Rio de Janeiro,José Olympio,2006,Romance,Governo,1
10755,Lit. Inf. Juvenil,"Montello, Josué","Carrasco que era Santo, O",São Paulo,Códice,2006,Lit. Inf  Juvenil,Governo,1
10760,Lit. Inf. Juvenil,"Montes, Graciela",Outroso - um outro mundo,São Paulo,Salamandra,2006,Lit. Inf  Juvenil,Governo,1
10763,Lit. Inf. Juvenil,"Prieto, Heloisa",Rotas Fantásticas,São Paulo,FTD,2006,Ficção,Governo,1
10768,Lit. Inf. Juvenil,"Azevedo, Ricardo","Leão da Noite Estrelada, O",São Paulo,Saraiva,2006,Lit. Inf  Juvenil,Governo,1
10772,Ficção,"Marinho, João Carlos","Gênio do Crime, O ",São Paulo,Global,2005,Ficção,Governo,1
10783,HQ,"Kafka, Franz","Metamorfose, A",São Paulo,Conrad,2004,Ficção,Governo,1
10787,Lit. Inf. Juvenil,"Barbosa, Rogério Andre",Histórias Africanas Para Comtar E Recomta,São Paulo,CDD,1368,Lit. Inf  Juvenil,Governo,1
10793,Lit. Inf  Juvenil,"Massa, Ana Cristina",Enigma na Capela Real,São Paulo,Biruta,2004,Lit. Inf  Juvenil,Governo,1
10801,Lit. Inf. Juvenil,Índigo,Perdendo Perninhas,São Paulo,Hedra,2006,Lit. Inf  Juvenil,Governo,1
10811,Romance,"Bojunga, Lygia",Nós  três,Rio de Janeiro,Casa,2006,Romance,Governo,1
10811,Lit. Inf. Juvenil,"Bojunga, Lygia ","Três, Nós",Rio de Janeiro,Casa Lygia Bojunga,2006,Lit. Inf  Juvenil,Governo,1
10816,Lit. Inf. Juvenil,"Lins, Guto","Caderno de Viagens - fora de casa, fora do ninho",Belo Horizonte,Dimensão,2006,Lit. Inf  Juvenil,Governo,1
10825,Lit. Inf. Juvenil,"Araújo, Jorge",Comandante Hussi,São Paulo,34,2006,Lit. Inf  Juvenil,Governo,1
10829,Romance,"Machado, Ana Maria","Cavaleiro do Sonho, O",São Paulo,Mecuryo Jovem,2005,Lit. Inf  Juvenil,Governo,1
10841,Lit. Inf. Juvenil,"Meireles, Cecília ",Olhos de gato,São Paulo,moderna,2003,Lit. Inf  Juvenil,Governo,1
10848,Romance,"Amado, Jorge","Menino Grapiúna, O",Rio de Janeiro,Best Seller,2006,Romance,Governo,1
10850,Romance,"Sabino, Fernando","Grande Mentecapto, O",Rio de Janeiro,Best Seller,2006,Romance,Governo,1
10861,Contos,"Tahan, Malba","Melhores contos, Os ",Rio de Janeiro,Best Seller,2006,Contos,Governo,1
10864,Ficção,"Dourado, Autran","Vida em Segredo, Uma",Rio de Janeiro,Ediouro,1995,Lit. Inf  Juvenil,Governo,1
10869,Ficção,"Furtado, Jorge",Meu tio matou um cara,Porto Alegre,L&PM Pocket,2007,Ficção,Governo,1
10871,Lit Inf. Juvenil,"Prado, Lucília J. de Almeida","Amor é um passaro vermelho, O",São Paulo,Planeta Jovem,2003,Lit. Inf  Juvenil,Governo,1
10875,Lit Inf. Juvenil,"Vilela, Luiz",Histórias de Bichos,São Paulo,Editora do Brasil,2002,Lit. Inf  Juvenil,Governo,1
10883,Contos,"Nogueira, Armando","Mundo é uma bola, O ",São Paulo,Ática,2007,Crônicas,Governo,1
10885,Lit Inf. Juvenil,"Laganá, Liliana","Última Fábula, A",São Paulo,Casa Amarela,2002,Lit. Inf  Juvenil,Governo,1
10892,Lit. Inf. Juvenil,"Tavares,Braulio",Flautista Misterioroso e os ratos de Hamelin,São  Paulo,34,2006,Lit. Inf  Juvenil,Governo,1
10902,Lit. Inf. Juvenil,"Silverstein, Shel",Leocádio o leão que mandava bala,São Paulo,Cosac Naify,2006,Lit. Inf  Juvenil,Governo,1
10910,Lit. Inf. Juvenil,,Não Me Toque em pé de guerra,Florianopolis,Letras brasileiras ,2006,Lit. Inf  Juvenil,Governo,1
10998,Contos,Alberto Renart,XII Antologia de Contos,São José dos Campos,Fundação Cultural Cassiano Ramos,2007,Contos,Governo,2
11003,Lit. Inf  Juvenil,"Furnari, Eva",Abaixo das Canelas,São Paulo,Moderna,2000,Lit. Inf  Juvenil,Governo,1
11020,Lit. Inf  Juvenil,"Cole, Babette",Mamãe botou um ovo,São Paulo,Ática,2002,Lit. Inf  Juvenil,Governo,1
11033,Crônicas,"Abramovich, Fanny",Bateu bobeira e outros babados,São Paulo,Uno Educação,2008,Crônicas,Governo,1
11037,Diversos,"Lajolo, Marisa",Destino em Aberto,São Paulo,Ática,2009,Condições Sociais,Governo,1
11040,Contos,"Gendrin, Catherine",Volta ao mundo dos contos,São Paulo,SM,2007,Contos,Governo,1
11041,Contos,"Bradbury, Ray","Crônicas marcianas, As ",São Paulo,Globo,2005,Crônicas,Governo,1
11053,Lit. Inf. Juvenil,"Versiani, Ivana",Ainda uma vez - Adeus!,Sabará,Dubolsinho,2006,Lit. Inf  Juvenil,Governo,1
11055,Lit. Inf. Juvenil,"Araújo, Márcio","Figurinha, Carimbada",São Paulo,Girafinha,2008,Lit. Inf  Juvenil,Governo,1
11058,Contos,"Piroli, Wander","Matador, O",Belo Horizonte,Leitura,2008,Contos,Governo,1
11061,Lit. Inf. Juvenil,"Cruz, Nelson",Dirceu e Marília,São Paulo,Cosac Naify,2008,Lit. Inf  Juvenil,Governo,1
11063,Lit. Inf. Juvenil,"Matuck, Nilson Moulin Rubens",Leonardo desde Vinci,São Paulo,Cortez,2007,Lit. Inf  Juvenil,Governo,1
11067,Lit. Inf. Juvenil,"Éboli, Terezinha",Zé Beleza,Rio de Janeiro,Ediouro,1998,Lit. Inf  Juvenil,Governo,1
11080,Lit. Inf. Juvenil,"Kupstas, Marcia",Guerreiros da Vida,São Paulo,Melhoramentos,2007,Lit. Inf  Juvenil,Governo,1
11084,Lit. Inf. Juvenil,"Levine, Karen","Mala de Hana: uma história real, A",São Paulo,Melhoramentos,2007,Lit. Inf  Juvenil,Governo,1
11090,Lit. Inf. Juvenil,"Machado, Maria Ana","Outro lado tem segredos, Do",Rio de Janeiro,Nova Fronteira,1985,Lit. Inf  Juvenil,,1
11100,Lit. Inf. Juvenil,"Sabino, Fernando","Restos Mortais, Os",São Paulo,Ática,2009,Lit. Inf  Juvenil,Governo,1
11123,Lit. Inf. Juvenil,"Cruz, Nelson",Chica e João,São Paulo,Cosaf Naify,2008,Lit. Inf  Juvenil,Governo,1
11130,Lit. Inf. Juvenil,"Patriota, Margarida",Uma voz do outro mundo,Belo Horizonte,Angelo Abu,2006,Lit. Inf. Juvenil,Governo,1
11131,Teatro,"Savary, Anabela",Anabela procura e acha mais do que procura,Belo Horizonte,Dimensão,2007,Lit. Inf  Juvenil,Governo,1
11132,Diversos,"Zatz, Lia",Jogo Duro,Belo Horizonte,Dimensão,2006,Lit. Inf  Juvenil,Governo,1
11133,Ficção,"Doyle, Arthur Conan, Sir,","Estudo em vermelho, Um  ",São Paulo,FTD,2006,Ficção,Governo,1
11139,Lit. Inf. Juvenil,"Canauna, Ilma Maria e Fabio C. Santos",Histórias que a menina-serpente contou,São Paulo,Cortez,2007,Lit. Inf  Juvenil,Governo,1
11141,Lit. Inf. Juvenil,"Silva, Lins Flavia ",Agito de pilar no Egito,Rio de Janeiro,Zahar,2003,Lit. Inf  Juvenil,Governo,1
11154,Lit. Inf. Juvenil,"Belinky, Tatiana",Transplante de menina ,São Paulo,UNO ,2008,Lit. Inf  Juvenil,Governo,1
11160,Lit. Inf  Juvenil,"Loude, Jean-Yves","Fantasma de Tarrafal, O",Belo Horizonte,Alis Editora,2008,Lit. Inf  Juvenil,Governo,1
11162,Lit. Inf  Juvenil,"Drewnick, Raul","Pais, Filhos  e outros  bichos",São Paulo,IBEP,2008,Lit. Inf  Juvenil,Governo,1
11164,Poesia,"Pinto, Sérgio de Castro",Zoo Imaginário,São Paulo,Escrituras,2005,Poesia,Governo,1
11168,Lit. Inf. Juvenil,"Lacerda, Nilma",Estrela-de-rabo e outras histórias,Rio de Janeiro,Frente,2008,Lit. Inf  Juvenil,Governo,1
11172,Lit. Inf. Juvenil,"Machado, Ana Maria",Amigos Secretos,São Paulo,Abril,2009,Lit. Inf  Juvenil,Governo,1
11177,Lit. Inf. Juvenil,"Machado, Ana Maria",Amigos Secretos,São Paulo,Abril,2009,Lit. Inf  Juvenil,Governo,1
11186,Lit. Inf. Juvenil,"Gribel, Christiane","Segredo, O",São Paulo,Salamandra,2006,Lit. Inf  Juvenil,Governo,1
11187,,"Andrade, Carlos Drummond ",70 historinhas,Rio de Janeiro,Best Seller,2008,Contos,Governo,1
11191,Lit. Inf. Juvenil,"Chico, O Caminhador","Chico, O Caminhador",Rio De Janeiro,LÊ,2005,Lit. Inf  Juvenil,Governo,1
11193,Diversos,"Ponte Preta, Stanislaw","FEBEEAPÁ 1, 2 e 3",Rio de Janeiro,Agir,2006,Humor,Governo,1
11195,Lit. Inf. Juvenil,"Amorim, Drummond","Beto, o Analfabeto",Sabará,Dubolsinho,2008,Lit. Inf  Juvenil,Governo,1
11197,Lit. Inf. Juvenil,"Falcão, Adriana",PS Beijei,São Paulo,Richmond,2008,Lit. Inf  Juvenil,Governo,1
11213,Lit. Inf. Juvenil,"Sanvoisin, Éric","Canundinho para Dois, Um",São Paulo,Martins,2007,Lit. Inf  Juvenil,Governo,1
11214,Lit. Inf. Juvenil,"Shelley, Mary",Frankenstein,São Paulo,DCL,2007,Lit. Inf  Juvenil,Governo,1
11220,Contos,Horacio Quiroga,Contos da Selva,São Paulo,Iluminuras,2009,Contos,Governo,1
11231,Ficção,"Leminski, Paulo",Guerra dentro da gente,São Paulo,Scipione,2006,Lit. Inf  Juvenil,Governo,1
11234,Lit. Inf. Juvenil,"Machado, Ana Maria",Bem do seu tamanho,Guarulhos,Salamandra,2007,Lit. Inf  Juvenil,Governo,1
11236,Lit. Inf. Juvenil,"Mendonça, Bernardo de",Jogo de adivinhar bicho invisível,Rio de Janeiro,Graphia,2004,Lit. Inf  Juvenil,Governo,1
11237,Lit. Inf. Juvenil,"Machado, Maria Ana",Palmas para João Cristiano,São Paulo,Mercuryo Jovem,2004,Lit. Inf  Juvenil,Governo,1
11251,Lit. Inf. Juvenil,"Sandroni, Luciana","Mário que não é de Andrade, O ",Belo Horizonte,Claro Enigma,2008,Lit. Inf  Juvenil,Governo,1
11259,Lit. Inf. Juvenil,"Aguiar, Luiz Antonio",Sonhos em Amarelo,São Paulo,Melhoramentos,2007,Lit. Inf  Juvenil,Governo,1
11263,Lit. Inf. Juvenil,"Bernardo, Gustavo","Mágico de Verdade, O",Rio de Janeiro,JPA,2008,Lit. Inf  Juvenil,Governo,1
11264,Romance,"Hemingway, Ernest","Velho e o Mar, O",Rio de Janeiro,Bertrand Brasil,2008,Ficção,Governo,1
11274,Lit. Inf. Juvenil,"Santos, Joel Rufino dos",Quatro dias de Rebelião,Rio de Janeiro,José Olympio,2006,Lit. Inf  Juvenil,Governo,1
11279,Lit. Inf. Juvenil,"Savaget, Luciana",Operação resgate na Jordânia: o segredo no deserto,São Paulo,CÓDICE,2008,Lit. Inf  Juvenil,Governo,1
11284,Lit. Inf. Juvenil,"Torres, Antônio","Meninos, eu conto",São Paulo,Civilização Brasileira,2008,Lit. Inf  Juvenil,Governo,1
11285,Ficção,"Tahan, Malba","Livro de Aladin, O",Rio de Janeiro,Civilização Brasileira,2008,Ficção,Governo,1
11287,Lit. Inf. Juvenil,"Lessa, Orígenes",Memorias de um cabo de vassoura,Rio de Janeiro,Media pixel,2008,Lit. Inf. Juvenil,Governo,1
11289,Lit. Inf. Juvenil,"Brenman, Ilan","Turbante da Sabedoria e outras histórias de Nasrudin, O",São Paulo,Comboio de Cordas,2008,Lit. Inf  Juvenil,Doacao,1
11292,Lit. Inf. Juvenil,"Hébert Francine, Marie",Nenhum peixe aonde ir ,São Paulo,SM,2006,Lit. Inf  Juvenil,Governo,1
11297,Lit. Inf. Juvenil,Bernardi Junior,Outras Novas Histórias Antigas,São Paulo,Brinque-Book,1999,Lit. Inf  Juvenil,Governo,1
11301,Lit. Inf. Juvenil,"Caruso, Carla","Zumbi, o último heróis dos Palmares",São Paulo,Callis,2005,Lit. Inf  Juvenil,Governo,1
11305,Ficção,"Lima, Edy","Vaca Voadora, A",São Paulo,Global,2002,Lit. Inf  Juvenil,Governo,1
11307,Ficção,"Rey, Marcos",Coração Roubado,São Paulo,Global,2007,Ficção,Governo,1
11331,,Luiz Pimentel,Cabelos Molhados,Brasília,Literatura para todos,2006,Contos,Governo,2
11360,Lit. Inf. Juvenil,"Bocheco, Eloí Elisabete","Batata Cozida, mingau de cara",Brasília,Ministério da Educação,2006,Lit. Inf  Juvenil,Governo,1
11371,Diversos,"Montoya, Rodrigo","Mundo de Cabeça pra Baixo, O",São Paulo,Cosac Naify,2002,Incas,Governo,1
11379,Lit. Inf. Juvenil,"Martins,  Adilson","Erinlé, o caçador e outros contos Africanos",Rio de Janeiro,Pallas,2010,Contos Africanos,Governo,1
11394,Lit. Inf. Juvenil,"Soalheiro, Bárbara",Como fazíamos sem...,São Paulo,Panda Books,2006,Usos e Costumes,Governo,1
11400,Romance,"Veiga, José J. ","Risonho cavalo do Principe, O",Rio de Janeiro,Bertrand Brasil,2010,Romance,Governo,1
11470,Lit. Inf. Juvenil,"Sabino, Fernando",Martini Seco,São Paulo,Ática,2008,Lit. Inf  Juvenil,Governo,1
11790,Ficção,"Botija, A","Botija, A",São Paulo,Ed. 34,2006,Ficção,Governo,1
11791,Ficção ,"Broch, Elise",Masterpiece,Ribeirão Preto,Novo Conceito,2009,Ficção,Governo,1
11798,Romance,"Patriota, Marg.  de Aguiar","Fantásma  da Ópera, O ",São Paulo,FTD,2007,Romance,Governo,1
11799,Lit. Inf. Juvenil,"Oppel, Kenneth",Asa-de-prata,Rio de Janeiro,José Olympio,2007,Lit. Inf  Juvenil,Governo,1
11818,Lit. Inf. Juvenil,"Carvalho, Bruno Berlendis de ",Ilíada de Homero,São Paulo,Berlendis & Vertecchia,2007,Lit. Inf  Juvenil,Governo,1
11828,Lit. Inf. Juvenil,"Leite, Ivana Arruda",Diomira e o Coronel Carrerão,São Paulo,Brinque-Book,2009,Lit. Inf  Juvenil,Governo,1
11831,Lit. Inf. Juvenil,"Dill, Luís",Ouvindo pedras ,Cajamar,Escala Integra,2008,Lit. Inf  Juvenil,Governo,1
11834,Contos,Maria Clara Machado,"Bruxinha que era boa e outros contos, A ",Rio de Janeiro,Ediouro,2011,Contos,Governo,1
11840,Lit. Inf. Juvenil,"Queirós, Bartolomeu Campos de",Vida e obra de Aletrícia depois de Zoroastro,São Paulo,Uno Educação,2009,Lit. Inf  Juvenil,Governo,1
11847,Contos,"Bragança, Albertino",Contos Africanos,São Paulo,Ática,2010,Contos ,Governo,1
11849,Lit. Inf. Juvenil,Sempé,Marcelino Pedregulho,São Paulo,Cosac Naify,2009,,,1
11853,Lit. Inf. Juvenil,"Katz, Welwyn Wilton",Beowulf,São  Paulo,Comboio de Corda,2009,Lit. Inf  Juvenil,Governo,1
11856,Lit. Inf. Juvenil,"Martins,  Adilson","Erinlé, o caçador e outros contos Africanos",Rio de Janeiro,Pallas,2010,Contos Africanos,Governo,1
11857,Lit. Inf. Juvenil,"Gullar, Ferreira",Eros e Psiquê,São Paulo,FTD,2009,Lit. Inf  Juvenil,Governo,1
11862,Lit. Inf  Juvenil,"Swift, Jonathan",Viagens de Gulliver,São Paulo,DCL,2004,Lit. Inf  Juvenil,Governo,1
11869,Lit. Inf. Juvenil,"Cappatti, Bérénice",Gauguin e as cores dos trópicos,São Paulo,SM,2009,Lit. Inf  Juvenil,Governo,1
11875,Lit. Inf. Juvenil,"Cruz, Nelson",Noel,São Paulo,Scipione,2007,Lit. Inf  Juvenil,Governo,1
11883,Diversos,"Machado, Emerson","Investigador de sótão, O ",São Paulo,Duna Dueto,2009,Novela,Governo,1
11886,Lit. Inf. Juvenil,Meja Mwangi,Mzungu,São Paulo,SM,2006,Lit. Inf  Juvenil,Governo,1
11923,Romance,"Colasanti, Marina","Coração Partido, Do seu",São Paulo,Gaia,2010,Contos,Governo,1
11927,Ficção,Índigo,"Colapso dos Bibêlos, O",São Paulo,Uno Educação,2009,Ficção,Governo,1
11929,Lit. Inf. Juvenil,"Moura, André e Alê Abreu","Rei do Manacá, O",São Paulo,Frase e Efeito,2009,Lit. Inf  Juvenil,Governo,1
11933,Ficção,Saki,"Contador de Histórias, O",São Paulo,SM,2009,Ficção,Governo,1
11960,Teatro,"Aguiar, Luiz Antonio",Prometeu / Alceste,Rio de Janeiro,Difel,2010,Teatro,Governo,1
11965,Lit. Inf  Juvenil,"Raspe, Rudolf Erich","Aventuras do Barão de Munchausen, AS",São Paulo,Iluminuras,2010,Lit. Inf  Juvenil,Governo,1
11978,Lit. Inf. Juvenil,Pacheco e Javier,Relatos Fantásticos,São Paulo,Cia Nacional,2006,Lit. Inf  Juvenil,Governo,1
11986,Lit. Inf. Juvenil,"Munduruku, Daniel","Sinal do Pajé, O",São Paulo,Peirópolis,2011,Lit. Inf  Juvenil,Governo,1
11989,Lit. Inf. Juvenil,"Ventura, Nancy Caruso",Índio - Recontando a nossa história,São Paulo,Noovha América,2008,Lit. Inf  Juvenil,Governo,1
12218,Lit. Inf. Juvenil,"Carneiro, Angela","Rodas, Para queTe quero",São Paulo,Governo,2006,Lit. Inf  Juvenil,Governo,1
12291,Contos,"Veríssimo, Luiz Fernando","Santinho, O ",Rio de Janeiro,Objetiva,2002,Contos,Governo,1
12314,Lit. Inf. Juvenil,Brezina Thomas,"Sáfari dos Monstros, O",São Paulo,Ática,2008,Lit. Inf  Juvenil,Governo,1
12358,,"Figueiredo, Flora",Chão de Vento,São Paulo,Geração Editorial,2005,Poesia,Governo,1
12398,Lit. Inf. Juvenil,"Nunes, Lygia Bojunga","Bolsa Amarela, A ",Rio de Janeiro,Lygia Bojunga,2010,Lit. Inf  Juvenil,,1
12453,Poema,"Borges, Cesár Magalhães",Ciclo da Lua,São Paulo,Plêiade,2011,Poesia,Governo,1
12460,Contos,"Calvino, Italo",Contos Fantásticos do Século XIX,São Paulo,Cia das Letras,2004,Ficção,Governo,1
12466,Lit. Inf. Juvenil,"Rey, Marcos","Mistério do cinco estrelas, O ",São Paulo,Global,2005,Lit. Inf  Juvenil,Governo,1
12627,Poema,"Murray, Roseana",Poesia Essencial,Rio de Janeiro,Manati,2010,Poesia,Governo,1
12633,Romance,"Gomes ,Helema",Tristão e Isolda,São Paulo,Berlendis & Vertechia,2009,Lit. Inf  Juvenil,Governo,2
12636,Ficção,"Gomes, Helena",Tristão e Isolda,São Paulo,B & V,2011,Ficção,Governo,1
12675,Lit. Inf. Juvenil,"Nicolelis, Giselda Laporta",Macapacarana,São Paulo,Atual,2007,Lit. Inf  Juvenil,,1
12685,Romance,"Azevedo, Aluísio","Cortiço, O",São Paulo,Saraiva,2008,Romance,Doacao,1
12998,Lit. Inf. Juvenil,"Veneza, Maurício","Roda do Vento, A",Rio de Janeiro,Record,2012,Lit. Inf  Juvenil,Governo,1
13001,Lit. Inf. Juvenil,"Lorca, Federico Garcia",Meu Coração é tua Casa,São Paulo,Comboio de Cordas,2007,Lit. Inf  Juvenil,Governo,1
13003,Ficção,Mary Shelley,"Mistério da imortalidade, O ",São Paulo,Base,2009,Lit. Inf  Juvenil,,1
13010,Coleção,"Lobato, Monteiro","Reforma da Natureza, A",São Paulo,Globo Kids,2012,Lit. Inf  Juvenil,Governo,1
13030,Contos,"Cony, Carlos Heitor",Histórias de Bichos,São Paulo,Ática,2013,Contos,Governo,1
13031,Lit. Inf. Juvenil,"Bagno, Marcos ","Tempo escapou do relógio, O",Curitiba,Piá,2012,Lit. Inf  Juvenil,Governo,1
13035,Ficção,"Bagno, Marcos","Memórias de Eugênia, As",Curitiba,Posigraf,2012,Lit. Inf  Juvenil,Governo,1
13038,Lit. Inf. Juvenil,"Melville, Herman ",Moby Dick,São paulo ,Moitará,2012,Lit. Inf  Juvenil,Governo,1
13054,Lit. Inf. Juvenil,"Moravia, Alberto",Historia da Pré-historia,São Paulo,34,2003,Lit. Inf  Juvenil,Governo,1
13058,Romance,"Oz, Amós","De repente, nas profundezas do bosque",São Paulo,Cia das Letras,2007,Romance,Governo,10
13066,Lit. Inf  Juvenil,"Dahl, Roald","Fantástica Fábrica de Chocolate, A ",São Paulo,Martins Fontes,2011,Lit. Inf  Juvenil,Governo,1
13075,Ficção,"Hoffmann, E. T. A.",Quebra-Nozes & Camundongo Rei,São Paulo,Berlendis & Vertecchia,2011,Ficção,Governo,1
13115,Lit. Inf. Juvenil,"Dill, Luís",Todos contra Dante,São Paulo,Cia das Letras,2008,Lit. Inf  Juvenil,Governo,1
13142,Lit. Inf. Juvenil,Índigo,"Menino que queria voar, O",Cajamar,Escala Integrada,2010,Lit. Inf  Juvenil,Governo,1
13143,Lit. Inf. Juvenil,"Junqueira, Sonia",No lugar do coração,São Paulo,Callis,2012,Lit. Inf  Juvenil,Governo,1
13160,Lit. Inf. Juvenil,"Veloso, Gil","Menino Arteiro, O",São Paulo,Dedo de Prosa,2011,Lit. Inf  Juvenil,Governo,1
13179,Lit. Inf. Juvenil,"Ganem, Eliane","Caso do Elefante Dourado, O",Rio de Janeiro,Verus,2012,Lit. Inf  Juvenil,Governo,1
13190,Lit. Inf. Juvenil,"Silveira José, Maria","Trágica escolha de Lupicío João, A ",São Paulo,Scipione,2013,Lit. Inf  Juvenil,Governo,1
13221,Leitura Permanente,"Prieto, Heloisa","Loira do banheiro, A ",São Paulo,Ática,2008,Ficção,Governo,8
13222,Ficção,"Prieto, Heloisa","Loira do banheiro e outras Histórias, A ",São Paulo,Ática,2008,Ficção,Governo,1
13256,Ficção,"Tortosa, Ana","Caminho de Casa, A",São Paulo,Jogos de Amarelinhas,2012,Lit. Inf  Juvenil,Governo,1
13301,Ficção,"Garcia-Roza, Livia","Caderno de Liliana, O",São Paulo,Cia das Letrinhas,2011,Ficção,Governo,1
13308,Lit. Inf. Juvenil,"Moraes  Odilon,",Rosa,Curitiba,Olho de vidro,2017,Lit. Inf  Juvenil,Governo,1
13309,Lit. Inf. Juvenil,"Ladeira Godoy, de Julieta","Mil e uma noites, As",São Paulo,Scipione,1997,Lit. Inf  Juvenil,Governo,1
13321,Lit. Inf. Juvenil,"Ladeira Godoy, de Julieta","Mil e uma noites, As",São Paulo,Scipione,1997,Lit. Inf  Juvenil,Governo,1
13344,Lit. Inf. Juvenil,"Stevenson, Robert Louis","Ilha do Tesouro, A",São Paulo,Cia Ed. Nacional,2004,Lit. Inf  Juvenil,Governo,1
13390,Diversos,"Joly, Fernand","Cartografia, A",Campinas,Papirus,1990,Cartografia,Governo,1
13462,Lit. Inf. Juvenil,"Berman, Marshall",Tudo que é sólido desmancha no ar,São Paulo,Cia de Bolso,2007,Lit. Inf  Juvenil,Governo,1
13465,Ficção,"Wells, H.G.","Máquina do Tempo, A",Rio de Janeiro,Objetiva,2010,Ficção,Doacao,1
13468,Teatro,"Heliodora, Barbara","Teatro explicado  aos  meus  filhos, O ",Rio de Janeiro,Agir,2008,Historia Teatro,Governo,1
13475,Romance,"Alencar, José de","Ermitão da Glória, O",São Paulo,Noovha,2008,Romance,Governo,1
13484,Lit. Inf. Juvenil,"Jatobá, Roniwalter",Rios Sedentos,São Paulo,Nova Alexandria,2006,Lit. Inf  Juvenil,Governo,1
13489,Lit. Inf. Juvenil,"Lisboa, Elizete","Bruxa mais velha do mundo, A",São Paulo,Paulinas,2008,Lit. Inf  Juvenil,Governo,1
13536,Lit. Inf. Juvenil,"Coelho, Marcelo","Professora de Desenho, A",São Paulo,Cia das Letrinhas,2011,Lit. Inf  Juvenil,Governo,1
13623,Ficção,"Asimov, Isaac",Eu robô,São Paulo,Aleph,2014,Ficção,Governo,1
13627,Ficção,"Asimov, Isaac",Eu robô,São Paulo,Aleph,2014,Ficção,Governo,1
13637,Lit. Inf. Juvenil,"Lima, Aristides  Fraga","Pequenos jangadores, Os ",São Paulo,Ática,2000,Lit. Inf  Juvenil,Governo,1
13638,Diversos,"Puntel,  Luiz","Grito do Hip Hop, O ",São Paulo,Ática,2004,Novela,Governo,1
13639,Lit. Inf. Juvenil,"Drewnick, Raul","Noite dos quatro furacoes, A",São Paulo,Ática,2005,Lit. Inf  Juvenil,Doacao,1
13644,Lit. Inf. Juvenil,"Drewnick, Raul","Preço da coragem, O ",São Paulo,Ática,2000,Lit. Inf  Juvenil,Governo,1
13648,Ficção,"Aquino, Marçal",Turma da rua quinze O,São Paulo,Ática,2015,Ficção,Governo,1
13649,Diversos,"Duarte, Marcelo",Deu a Louca no Tempo,São Paulo,Ática,2015,Novela,Governo,1
13650,Ficção,"Modesto, Edith",Manobra radical O,São Paulo,Ática,2017,Ficção,Doacao,1
13652,Lit. Inf  Juvenil,"Almeida, Lúcia Machado de,",Aventuras de xisto O,São Paulo,Ática,2017,Viagens maritmas,Governo,1
13653,Diversos,"Franco, Silvia Cintra",Confusões & Calafrios,São Paulo,Ática,2016,Novela,Governo,1
13655,Diversos,Jaf   Ivan,"Supertênis, O ",São Paulo,Ática,2016,Novela Brasil,Governo,1
13656,Lit. Inf. Juvenil,"Rezende Filho, José",Tônico e Carniça,São Paulo,Ática,2017,Lit. Inf  Juvenil,Governo,1
13662,Lit. Inf. Juvenil,"Stevenson, Robert Louis","Ilha do Tesouro, A",São Paulo,do Brasil,2018,Lit. Inf  Juvenil,Governo,1
13665,Lit. Inf. Juvenil,"Jaf, Ivan","Robô que virou gente, O",São Paulo,Ática,2016,Lit. Inf  Juvenil,Doacao,1
13671,Contos,"Grimm, Jacob e Wilhelm",João e Maria,Rio de Janeiro,Nova Fronteira,2013,Contos,Governo,1
13676,Lit. Inf. Juvenil,"Mallory, Sir Thomas","Rei Artur e os Cavaleiros da Távola Redonda, O",São Paulo,Scipione,1997,Lit. Inf  Juvenil,Governo,1
13678,Lit. Inf  Juvenil,Ondjaki,"Escuridão Bonita, Uma ",Rio de Janeiro,Palhas,2013,Lit. Inf  Juvenil,Governo,1
13682,Romance,"Condé, Maryse","Eu, Tituba",Rio de Janeiro,Rosa dos Tempos,2021,Romance,Governo,1
13683,Lit. Inf. Juvenil,"Rosa, Allan da",Zumbi Assombra Quem?,São Paulo,Nós,2017,Lit. Inf  Juvenil,Governo,1
13742,Lit. Inf. Juvenil,"Mierswa, Annette",Lola e Ervilha,São Paulo,Comboio de Cordas,2018,Lit. Inf  Juvenil,Governo,1
13743,Lit Inf. Juvenil,"Brecht, Bertolt","Tubarões fossem homens, Se os ",Curitiba,Olho  de vidro,2018,Literatura Alemã,Governo,1
13750,Diversos,"Cartelle, Cástor",Meninos da Planície,Belo Horizonte,Compor,2018,Novela,Governo,1
13757,Ficção,"Vassalho, Márcio",No fundo de doze histórias,São Paulo,Texto Editores,2020,Ficção,Governo,1
13758,Diversos,"Cunha, Marcelo Carneiro da",Filhos de peixe,Porto Alegre,Projeto,2018,Novela,Governo,1
13760,Lit. Inf. Juvenil,"Parreiras, Ninfa",Com fio,São Paulo,Domo 72,2018,Lit. Inf  Juvenil,Governo,1
13763,Lit. Inf  Juvenil,"Pizaia, Cassiana","Layia, a menina  Síria",São Paulo,do Brasil,2018,Lit. Inf  Juvenil,Governo,1
13768,Lit Inf. Juvenil,"Carneiro, Flávio",Prezado  Ronaldo,São Paulo,Moitará,2018,Lit. Inf  Juvenil,Governo,1
13773,Lit. Inf. Juvenil,"Araujo,  Leusa","Manuel, Felisberto e o peixe prateado de Borge            ",São Paulo,SEI,2018,Lit. Inf  Juvenil,Governo,1
13777,,Ondjaki,"Minha rua, Os da ",Rio de Janeiro,Lingua Geral,2021,Contos,Governo,1
13782,Lit. Inf  Juvenil,"Almeida, Joaquim de","Adinkra, meu pai...",São Paulo,Salamandra,2017,Lit. Inf  Juvenil,Governo,1
13793,Lit. Inf. Juvenil,Liao. Jimmy,"Noite  muito, muito estrelada Uma ",São Paulo,Rodopio,2018,Lit. Inf  Juvenil,Governo,1
13797,Lit. Inf. Juvenil,"Reis, Keka","Dia em que Minha Vida Mudou, O ",Rio de Janeiro,Fontanar,2018,Lit. Inf  Juvenil,Governo,1
13803,Ficção,"Andrade de Melo, Tiago","Gato Xadrez, O  ",Porto Alegre,Edelbra,2018,Ficção,Governo,1
13804,Ficção,"Prieto, Heloisa",Andarilhas,São Paulo,Comboio de Corda,2018,Ficção,Governo,1
13809,Lit. Inf. Juvenil,"Emediato, Luiz Fernando",Eu vi mamãe nascer,São Paulo,Jardim dos Livros,2018,Lit. Inf  Juvenil,Governo,1
13810,Lit. Inf. Juvenil,"Das, Amrita","Esperança é uma menina que vende frutas, A",Paranaguá,A Pagina Store,2021,Lit. Inf  Juvenil,Governo,1
13833,Lit. Inf. Juvenil,"Cruz, Nelson","Escritor na Capela, Um",São Paulo,Comboio de Corda,2018,Lit. Inf  Juvenil,Governo,1
13834,Ficção,"Camargos, Marcia e Carla Caruso","Diálogos de Samira, por dentro da Guerra Síria",São Paulo,Avalia Educacional,2018,Ficção,Governo,1
13842,Lit Inf. Juvenil,"Neiva, Lia","Gata do rio Nilo, A ",São Paulo,Globo Livros,2018,Lit. Inf  Juvenil,Governo,1
13843,Lit. Inf. Juvenil,"Rey, Marcos","Rapto do Menino de Ouro, O",Curitiba,A página,2018,Lit. Inf  Juvenil,Governo,1
13852,Lit. Inf. Juvenil,"D´ Adamo, Francesco","Histórias de lqbal, A",São Paulo,Martins Fontes,2016,Trabalho Infantil,Governo,1
13855,Diversos,"Esteves, Daniel","Luta contra Canudos, A ",São Paulo,Nemo,2018,HQ,Governo,1
13860,Romance,"Martins, Penélope ",Minha vida não é cor de rosa ,São Paulo,do Brasil,2018,ficção,Governo,1
13867,Ficção,,"Sobrinha  do  poeta, A ",São Paulo,Globo Livros,2018,Lit. Inf  Juvenil,Governo,1
13868,Lit Inf. Juvenil,"Campos, Vinicius","Amor  nos tempos do Blog, O ",São Paulo,Reviravolta,2018,Lit. Inf  Juvenil,Governo,1
13872,Lit. Inf  Juvenil,"Acioli, Socorro","Emília, uma biografia não autorizada",Rio de Janeiro,CJT,2018,Lit. Inf  Juvenil,Governo,1
13876,Lit. Inf. Juvenil,"Phelps, Johnston Ethel",Chapeuzinho Esfarapado,São Paulo,Apágina store,2018,Lit. Inf  Juvenil,Governo,1
13879,Lit. Inf. Juvenil,"Carvalho, Carlos Alberto de","Amores de Perseu, Os ",São Paulo,Universo Dos Livros,2018,,Governo,1
13881,Lit. Inf. Juvenil,"Penido, Bruno Lima",Mordidas por dentro,São Paulo,Instante,2018,Lit. Inf  Juvenil,Governo,1
13883,Lit. Inf. Juvenil,"Jaf, Ivan","Grande Assembléia dos Bichos Pestilentos e Peçonhentos, A",São Paulo,Trioleca,2018,Lit. Inf  Juvenil,Governo,1
13884,Lit. Inf. Juvenil,"Aguiar, Luiz Antonio","Mundo é dos Canários, O",São Paulo,Ática,2018,Lit. Inf  Juvenil,Governo,1
13888,Lit. Inf. Juvenil,"Ramos, Graciliano",Alexandre  e outros  heróis,Rio de Janeiro,Record,2005,Lit. Inf  Juvenil,Governo,1
13891,Ficção,"Wierzchowski, Letícia",Cristal Polonês,Rio de Janeiro,Bertrand Brasil,2018,Ficção,Governo,1
13894,Lit. Inf. Juvenil,Helfand,Nelson Mandela,São Paulo,JC,2018,Lit. Inf  Juvenil,Governo,1
13895,Lit. Inf. Juvenil,Homero,"Ilíada e a Guerra de Troia, A",São Paulo,Farol Literário,2018,Lit. Inf  Juvenil,Governo,1
13897,Ficção,"Cony, Carlos Heitor","Mistério da coroa imperial, O  ",Rio de Janeiro,Petra,2017,Ficção,Governo,1
13899,Lit. Inf. Juvenil,"Savary, Flávia","Jornada entre dois mundos, Uma",Curitiba,Champagnat,2018,Lit. Inf  Juvenil,Governo,1
13907,Contos,"Barreto, Antonio",Livro das Simpatias,Belo Horizonte,Baobá,2018,Contos,Governo,1
13909,Ficção,"Cony, Carlos Heitor","Mistério da coroa imperial, O  ",Rio de Janeiro,Petra,2017,Ficção,Governo,1
13910,Lit. Inf  Juvenil,"Oliveira, Alaíde Lisboa de ","Simbad, o Marujo",São Paulo,Peirópolis,2014,Lit. Inf  Juvenil,Governo,1
13911,Lit. Inf. Juvenil,"Xavier, Marcelo",Apática,São José dos Campos,Maxprint,2018,Lit. Inf  Juvenil,Governo,1
13915,Lit. Inf. Juvenil,"Hébert Francine, Marie",Nenhum peixe aonde ir ,São Paulo,Moitorá,2018,Lit. Inf  Juvenil,Governo,2
13916,Lit. Inf  Juvenil,"Vilela, Fernando",Seringal uma aventura amazônica,São Paulo,DMR,2018,Lit. Inf  Juvenil,Doacao,1
13918,Lit. Inf. Juvenil,"Brandão de Loyola , Ignácio","Olhos cegos dos cavalos loucos, Os",São Paulo,Sieduc,2018,Lit. Inf  Juvenil,Governo,1
13919,Diversos,"Vetillo, Eduardo","Aventuras de Mark Twain e Tom Sawyer, As",São Paulo,Saraiva,2018,HQ,Governo,1
13920,Lit. Inf. Juvenil,"Dami, Luciano",Rapunzel,São Paulo,Carochinha,2018,Lit. Inf  Juvenil,Governo,1
13923,Lit. Inf. Juvenil,"Lessa, Orígenes",Confissões de um vira-lata,Curitiba,A Pagina,2018,Lit. Inf  Juvenil,Governo,1
13929,Lit. Inf. Juvenil,"Araujo, Leuza","Cabelereira de Berenice,  A ",São Paulo,Anzol,2018,Lit. Inf  Juvenil,Governo,1
13930,Contos,"Squarisi,  Dad, 1946",Grandes  Amores da Mitologia Grega,São Paulo,Elementar,2017,Conto,Governo,1
13933,Lit. Inf. Juvenil,"Bandeira, Pedro","Droga da Obediência, A",São Paulo,Moderna,2014,Lit. Inf  Juvenil,,1
13934,Lit. Inf. Juvenil,"Lewis, C. S.","Leão, a Feiticeira e o Guarda-roupa, O",São Paulo,Martins Fontes,2009,Lit. Inf  Juvenil,Governo,1
13935,Lit. Inf. Juvenil,"Lewis, C. S.","Leão, a Feiticeira e o Guarda-roupa, O",São Paulo,Martins Fontes,2009,Lit. Inf  Juvenil,Governo,1
13938,Contos,"Gomes, Helena","Jardim de Iácabus, O",São Paulo,Elementar,2014,Contos,Governo,1
13940,Lit. Inf. Juvenil,"Stevenson, Robert Louis","Ilha do Tesouro, A",São Paulo,do Brasil,2018,Lit. Inf  Juvenil,Governo,1
13940,Lit. Inf. Juvenil,"Stevenson, Robert Louis","Ilha do Tesouro, A",São Paulo,Ática,2001,Lit. Inf  Juvenil,Governo,1
13958,Ficção,"Rowling, J. K.",Harry Potter e a Camara Secreta 2,Rio de Janeiro,Rocco,2020,Lit. Inf  Juvenil,Doacao,1
13962,Lit. Inf. Juvenil,"Rowl.ing, J. R",R. P. e o enigma  do Príncipe,Rio de Janeiro,Rocco,2020,Lit. Inf  Juvenil,Governo,1
13966,Lit. Inf. Juvenil,"Torres, Dominique",Você é livre,Belo Horizonte,Gutemberg,2018,Viagens maritmas,Governo,1
13968,Lit. Inf. Juvenil,"Orthof, Sylvia","Livro que ninguém vai ler, O",Rio de Janeiro,Florescer,2018,Lit. Inf  Juvenil,Governo,1
13970,Lit. Inf. Juvenil,"Maldonado, Maria Tereza",Bulliyng - A face oculta,São Paulo,Todas as letras,2018,Lit. Inf  Juvenil,Governo,1
13972,Romance,"Sabino, Fernando","Menino no Espelho, O",Rio de Janeiro,Best Seller,2018,Romance,Governo,1
13973,Ficção,"Vasconcelhos, Cecília","Pernas da mentira, Nas ",São Paulo,,2018,Lit. Inf  Juvenil,Governo,1
13974,Contos,"Cascudo, Luiz da Câmara",Contos tradicionais do Brasil,Belo Horizonte,Boa viagem,2018,Contos Folclóricos,Governo,1
13975,Lit Inf. Juvenil,"Neiva, Lia","Gata do rio Nilo, A ",São Paulo,Globo Livros,2018,Lit. Inf  Juvenil,Governo,1
13976,Contos,"Braga,  Rubem",Crônicas para jovens,São Paulo,Nova Aguilar,2018,Crônicas,Governo,1
13980,Contos,"Hawthorne, Nathaniel",Mitos Gregos,Rio de Janeiro,Zahar,2016,Conto Americano,Governo,1
13981,Ficção,"Cuevas, Michelle",Confissões de um amigo imaginário,São Paulo,Paz e Terra,2018,Ficção Juvenil,Governo,1
13982,Contos,"Rios, Rosana",Heróis e suas Jornadas ,São  Paulo,Melhoramentos,2018,Contos,Governo,1
13983,Contos,"Obeid, César",Desafio de Cordel,Porto Alegre,Mediação,2018,Cordel,Governo,1
13984,Teatro,"Machado, Maria  Clara","Cavalinho azul e outras peças, O ",Rio de Janeiro,Edipass,2018,Teatro Brasileiro,Governo,1
13985,Contos,"Abad, Ernesto Rodriguez",Contos Africanos,São Paulo,Callis,2018,Contos,Governo,1
13986,Ficção,"Vassalho, Márcio",No fundo de doze histórias,São Paulo,Texto Editores,2020,Ficção,Governo,1
13987,Ficção,"Marinho, João Carlos","Gênio do Crime, O ",São Paulo,Gaia,2018,Lit. Inf  Juvenil,Governo,1
13988,Diversos,"Cunha, Marcelo Carneiro da",Filhos de peixe,Porto Alegre,Projeto,2018,Novela,Governo,1
13990,Lit Inf. Juvenil,"Auerbach, Patrícia",Histórias de Antigamente,Rio de Janeiro,Fontanar,2018,Lit. Inf  Juvenil,Governo,1
13991,Lit Inf. Juvenil,"Carneiro, Flávio",Prezado  Ronaldo,São Paulo,Moitará,2018,Lit. Inf  Juvenil,Governo,1
13992,Ficção ,"Blabey, Aaron","Caras Malvados, Os",Campinas,Saber e Ler,2016,Ficção,Governo,1
13994,Lit. Inf. Juvenil,"Araujo,  Leusa","Manuel, Felisberto e o peixe prateado de Borge            ",São Paulo,SEI,2018,Lit. Inf  Juvenil,Governo,1
13998,Ficção ,"Pessoa,  Augusto",Malasartes,Rio de Janeiro,Lendo e Aprendendo,2018,Ficção,Governo,1
14000,Lit Inf. Juvenil,"Brecht, Bertolt","Tubarões fossem homens, Se os ",Curitiba,Olho  de vidro,2018,Literatura Alemã,Governo,1
14003,Lit. Inf. Juvenil,"Oliveira, Alaíde Lisboa de ","Simbad, o Marujo",São Paulo,Peirópolis,2014,Lit. Inf  Juvenil,Governo,1
14004,Lit. Inf. Juvenil,"Ribeiro, Ana Elisa","E-mail de Caminha, O ",Belo Horizonte,RHJ,2018,Lit. Inf  Juvenil,Governo,1
14005,Lit. Inf. Juvenil,"Rey, Marcos","Rapto do Menino de Ouro, O",Curitiba,A página,2018,Lit. Inf  Juvenil,Governo,1
14006,Contos,"Tavares, Braulio",Sete monstros brasileiros,São Paulo,Casa dos Mundos,2018,Contos,Governo,1
14008,Ficção,"Tahan, Malba- ","Homem que Calculava, O ",Rio de Janeiro,José Olympio,2018,Ficção,Governo,1
14012,Lit. Inf  Juvenil,"Levi, Clovis",Aquilo que não se vê,Belo Horizonte,Abacatte,2018,Lit. Inf  Juvenil,Governo,1
14013,Lit. Inf  Juvenil,Queiróz Bartolomeu Campos    ,Elefante,São Paulo,Gaudi ,2018,Lit. Inf  Juvenil,Governo,1
14014,Contos,Chris Duffy,Contos de Fadas em Quadrinhos,Rio de Janeiro,Best Seller,2018,Contos de Fadas,Governo,1
14015,Lit. Inf. Juvenil,"Andrade, Tiago de Melo",3x Amazônia,São Paulo,Farol Literário,2018,Lit. Inf  Juvenil,Governo,1
14015,Lit. Inf  Juvenil,Cervantes de Miguel,Era uma vez Dom Quixote,São Paulo,Gaia,2018,Lit. Inf  Juvenil,Governo,1
14015,Romance,"Cervantes de, Miguel",Dom Quixote,São Paulo,Gaia,2018,Romance,Governo,1
14018,Lit. Inf. Juvenil,"Bandeira, Pedro","Karas - A droga  do amor, Os ",São Paulo,Moderna ,2014,Lit. Inf  Juvenil,Governo,1
14019,Lit. Inf  Juvenil,"David, Christian",Naquele ano,São Paulo,Paulinas,2017,Lit. Inf  Juvenil,Governo,1
14022,Lit. Inf. Juvenil,"Araujo, Leuza","Cabelereira de Berenice,  A ",São Paulo,Anzol,2018,Lit. Inf  Juvenil,Governo,1
14023,Lit. Inf  Juvenil,"Oliveira Filho, Milton Célio de","Caso dos cães irados, O ",São Paulo,O Globo,2018,Lit. Inf  Juvenil,Governo,1
14024,Lit. Inf  Juvenil,"Tutikian, Jane",Dani das nuvens,São Paulo,Pigmento,2018,Lit. Inf  Juvenil,Governo,1
14025,Ficção,"Appelfeld,  Aharon",Volto ao anoitecer,São Paulo,FTD,2018,Ficção,Governo,1
14026,Contos,"Gomes, Helena","Princesas, bruxas e uma sardinha na brasa",São Paulo,Gaivota,2018,Lit. Inf  Juvenil,Governo,1
14028,Conto,"Squarisi,  Dad ",Grandes  Amores da Mitologia Grega,São Paulo,Elementar,2017,Conto,Governo,1
14030,Ficção ,"Sombra, Fábio","Caravana do Oriente- Folia de reis, A ",Rio de Janeiro,Sociedade Lit.,2018,Lit. Inf  Juvenil,Governo,1
14032,Lit. Inf. Juvenil,"Costa, Wagner",Quando meu pai perdeu o emprego,São Paulo,Richmond,2018,Lit. Inf  Juvenil,Governo,1
14034,Lit. Inf. Juvenil,"Azevedo, Bel Assunção",Quem conta um conto aumenta um ponto,Belo Horizonte,Gutenberg,2018,Lit. Inf  Juvenil,Governo,1
14036,Contos,"Prieto, Heloisa","Guardião da Floresta, O ",São Paulo,Brink-Book,2018,Contos,Governo,1
14037,Lit. Inf. Juvenil,"Carvalho, Carlos Alberto de","Amores de Perseu, Os ",São Paulo,O universo livros,2018,Lit. Inf  Juvenil,Governo,1
14038,Lit. Inf. Juvenil,"Salerno, Sivana","Hiada e a Guerra de Troia, A",São Paulo,Farol Literário,2018,Lit. Inf  Juvenil,Governo,1
14039,Ficção,"Filho, Manuel","Coração da Amazônia, No",Rio de Janeiro,Panda Books,2017,Ficção,Governo,1
14042,Contos,"Moraes, de Vinicius","Mulher chamada guitarra, Uma ",São Paulo,Bonifácio,2018,Crônicas,Governo,1
14044,Lit Inf. Juvenil,"Jaf, Ivan","Grande Assembléia dos Bichos Pestilentos e Peçonhentos, A",São Paulo,Trioleca ,2018,Lit. Inf  Juvenil,Governo,1
14045,Ficção,"Cony, Carlos Heitor","Mistério da coroa imperial, O  ",Rio de Janeiro,Petra,2017,Ficção,Governo,1
14046,Ficção,"Wierzchowski, Letícia",Cristal Polonês,Rio de Janeiro,Bertrand Brasil,2018,Ficção,Governo,1
14047,Ficção,"Hodgson, Willian  Hope","Casa à beira do abismo, A ",Campinas,Papiros 7 Mares,2018,Ficção,Governo,1
14049,Lit. Inf. Juvenil,"Savary, Flávia","Jornada entre dois mundos, Uma",Curitiba,Champagnat,2018,Lit. Inf  Juvenil,Governo,1
14050,Poemas,"Coralina, Cora",Poemas dos Becos de Goias e historia mais,Salvador,LDM,2018,Poesia,Governo,1
14053,Diversos,"Martinez, Thays",Minha  vida  com Boris,Birigui,Terra do Saber,2018,Def. visual/Biog.,Governo,1
14054,Lit. Inf. Juvenil,"Brum, Eliane","Vida que ninguém vê, A",Porto Alegre,Arquipélago,2006,Biografia,Governo,1
14057,Lit. Inf. Juvenil,Lião Jimmy,"Noite muito, muito estrelada, Uma ",São Paulo,Rodopio,2018,Lit. Inf  Juvenil,Governo,1
14058,Lit. Inf. Juvenil,"Lanznaster, Roberto",Imaginarium - Monstros do Novo Mundo,Belo Horizonte,Governo,2018,Lit. Inf  Juvenil,Governo,1
14062,Lit. Inf. Juvenil,"Das, Amrita","Esperança é uma menina que vende frutas, A",Paranaguá,A Pagina Store,2018,Lit. Inf  Juvenil,Governo,1
14063,Diversos,"Neiva, Lia","Mulheres da casa de troia, As ",Rio de Janeiro,Edipass,2012,Mitologia,Governo,1
14065,Conto,"Ssó, Ernani, 1953","Escuro- Sete Histórias Teneb. De Bruxa, No",Porto Alegre,Edelbra,2018,Conto,Governo,1
14067,Lit. Inf. Juvenil,"Minas, Alan",Quando Ju escapou pra dentro,São Paulo,Berlendis & Vertecchia,2018,Lit. Inf  Juvenil,Governo,1
14069,Diversos,Ofoego Obioma,Wangari Maathai,São Paulo,Casa de Letras,2018,História,Governo,1
14070,Ficção,"Junqueyra, Beto","Código de Camões, O",São Paulo,Estrela Cultural,2018,Ficção,Governo,1
14071,Conto,"Bodenmuller, Celina","Flor de Lirolay, A ",São  Paulo,Panda Book,2015,Conto,Governo,1
14078,Conto,"Ventura, Suzana",Contos mouriscos,São Paulo,Callis,2015,Conto,Governo,1
14080,Lit. Inf. Juvenil,"Moraes  Odilon,",Rosa,Curitiba,Olho de vidro,2017,Lit. Inf  Juvenil,Governo,1
14081,Lit. Inf  Juvenil,"Vilela, Fernando",Seringal uma aventura amazônica,São Paulo,DMR,2018,Lit. Inf  Juvenil,Doacao,1
14082,Diversos,"Esteves, Daniel","Luta contra Canudos, A ",São Paulo,Nemo,2018,HQ,Governo,1
14083,Contos,"Andrade, Carlos Drummond  ","Poder ultrajovem, O ",São Paulo,Claroenigma,2018,Crônicas,Governo,1
14083,Contos,"Andrade, de Carlos Drumond ","Poder ultrajovem, O ",São Paulo,Claroenigma,2018,Crônicas,Governo,1
14085,Lit. Inf. Juvenil,"Puelles, Vicente Muñoz",2083,São Paulo,Biruta,2018,Lit. Inf. Juvenil,Governo,1
14086,Ficção,"Chapier, Cláudia",Olhando a vida de Pernas Pro Ar,,,,,,1
14087,Ficção,"Doyle, Arthur Conan, Sir,","Estudo em vermelho, Um  ",São Paulo,L&PM Pocket,1998,Ficção,Governo,1
14090,Ficção,"Marinho, João Carlos","Gênio do Crime, O ",São Paulo,Global,2009,Ficção,Governo,1
14098,Lit. Inf. Juvenil,"Chindler, Daniela","Espetinho de gafanhoto, nem pensar",Rio de Janeiro,Rocco,2011,Lit. Inf  Juvenil,Governo,1
14100,Diversos,"Schnaiderman, Boris",Caderno Italiano,São Paulo,Perspectiva,2015,Exercito- G.,Governo,1
14101,Lit. Inf. Juvenil,"D´ Adamo, Francesco","História  de Iqbal, A ",São Paulo,WMF,2016,Lit. Inf  Juvenil,Governo,1
14102,Lit Inf. Juvenil,"Campos, Vinicius","Amor  nos tempos do Blog, O ",São Paulo,Reviravolta,2018,Lit. Inf  Juvenil,Governo,1
14103,Romance,"Martins, Penélope ",Minha vida não é cor de rosa ,São Paulo,do Brasil,2018,ficção,Governo,1
14104,Ficção,"Cárdenas, Teresa",Cachorro Velho,Rio de Janeiro,Pallas mini,2018,Ficção,Governo,1
14105,Lit. Inf. Juvenil,"Loibl, Elisabeth",Memórias de um Adolescente Brasileiro na Alemanha Nazista,São Paulo,Melhoramentos,2018,Lit. Inf  Juvenil,Governo,1
14106,Ficção,"Vasconcelhos, Cecília","Pernas da mentira, Nas ",São Paulo,,2018,Lit. Inf  Juvenil,Governo,1
14109,Ficção,"Kafka, Franz","Metamorfose, A",São Paulo,Melhoramentos,2007,Ficção,Governo,1
14110,Contos,"Messias,  Adriano",Histórias Mal  assombradas,São Paulo,Biruta,2010,Contos,Governo,1
14111,Contos,"Xavier, Marcelo","Cara da rua e outras crônicas, A ",São Paulo,Joaquim,2018,Crônicas,Governo,1
14112,Diversos,"Norton, Trevor",Sob o Mar ,São Paulo ,Alegro ,2001,Lit. Inf  Juvenil,Governo,1
14113,Ficção,"Roth,  Veronica",Quatro: histórias da  Série Divergente,Rio de Janeiro,Rocco,2014,Ficção,Governo,1
14114,Lit. Inf. Juvenil,"Penido, Bruno Lima",Mordidas por dentro,São Paulo,Instante,2018,Lit. Inf  Juvenil,Governo,1
14115,Ficção,Tahan Malba,"Homem que Calculava, O ",Rio de Janeiro,Record,2014,Ficção,Governo,1
14117,Lit. Inf. Juvenil,"Vasconcelos, Mauro José",Meu pé de Laranja Lima ,São Paulo,Melhoramentos,2009,Lit. Inf  Juvenil,Governo,1
14119,Diversos,Silvino,História em Quadrinho,São Paulo,Peirópolis,2012,HQ,Governo,1
14120,Leitura Permanente,"Mello, Roger",Clarice,São Paulo,Nova Aguiar,2018,Lit. Inf  Juvenil,Governo,245
14121,Leitura Permanente,"Messias,  Adriano",Juro que é quase  tudo  verdade,São Paulo,Sowilo,2017,Lit. Inf  Juvenil,Governo,382
14125,Ficção,"Doyle, Arthur Conan","Aventuras de Sherlock Holmes, As",São Paulo,Hunter Books,2016,Ficção,Doacao,1
130008,Lit. Inf. Juvenil,"Sandroni, Luciana",Lampião na cabeça,Rio de Janeiro,Rocco,2010,Lit. Inf  Juvenil,Governo,1
A258,Lit. Inf. Juvenil,"Queirós, Bartolomeu Campos",Coração não toma sol,São Paulo,FTD,1994,Lit. Inf  Juvenil,Governo,1
,Lit. Inf. Juvenil,"Abramovich, Fanny",Cruzando caminhos,São Paulo,Àtica,1994,Lit. Inf  Juvenil,Doacao,1
,Lit. Inf. Juvenil,"Alencar, Chico",Trapezunga e Terreirão,São Paulo,Moderna,1987,Lit. Inf  Juvenil,Governo,1
,Romance,"Andrade, Carlos Drummond  ",Antologia Poética,Rio de Janeiro,Record,2010,Romance,Governo,2
,Ficção,"Appelfeld,  Aharon",Volto ao anoitecer,São Paulo,FTD,2018,Ficção,Governo,1
,Leitura Permanente,"Aratangy, Lidia Rosenberg",Tesouros da Juventude,São Paulo,Olho D´água,2000,Romance,Governo,6
,Lit. Inf. Juvenil,"Araújo, Jorge",Comandante Hussi,São Paulo,34,2006,Lit. Inf  Juvenil,Governo,1
,Ficção,"Asimov, Isaac",Caça aos Robôs,São Paulo,Hemus,,Ficção,Governo,1
,Leitura Permanente,"Asimov, Isaac",Eu robô,São Paulo,Aleph,2014,Ficção,Governo,11
,Leitura Permanente,"Assim, Machado de",Papéis Avulsos,São Paulo,Escala Educacional,2008,Contos,Governo,8
,Contos,"Assis, Machado",Várias Histórias,São Paulo,Livraria Guarnier,,Contos,Governo,1
,Romance,"Assis, Machado",Várias Histórias,São Paulo,Escala Educacional,2008,Romance,Governo,2
,Romance,"Assis, Machado de",Dom Casmurro,São Paulo,Objetivo,,Romance,Doacao,1
,Leitura Permanente,"Assis, Machado de","Melhores contos, Os ",São Paulo,Global,1985,Contos,Governo,10
,Poemas,"Bandeira, Bandeira e outros",Ilhados,Ilha Solteira,EB,2019,Poemas e Contos,Doacao,1
,Poema,"Bandeira, Edilva","Poesias são Portas, Poemas são Janelas",São Paulo,EB,2014,Poesia,Doacao,1
,Poema,"Bandeira, Manuel",Apresentação da Poesia Brasileira,São Paulo,Cosaf Naify,2011,Poesia,Governo,2
,Poema,"Bandeira, Manuel",Berimbau,São  Paulo,Gaia,2018,Poesia,Governo,2
,Poema,"Bandeira, Manuel",Libertinagem Estrela da manhã,Rio de Janeiro,Nova Fronteira,2000,Poesia,Governo,1
,Poema,"Bandeira, Manuel",Meus Poemas Preferidos,São  Paulo,Ediouro,2002,Poesia,Governo,3
,Poema,"Bandeira, Manuel",Para Querer Bem,Belo Horizonte,Boa Viagem,2018,Poesia,Governo,2
,Poema,"Bandeira, Manuel",Para Querer Bem,São Paulo,Global,2013,Poesia,Doacao,1
,Poema,"Bandeira, Manuel",Para Querer Bem,Curitiba,Moderna,2005,Poesia,Governo,2
,Leitura Permanente,"Bandeira, Manuel",Para querer bem,São Paulo,Moderna ,2005,Poesia,Doacao,12
,Poema,"Bandeira, Manuel",Poesia da Fase Moderna,Rio de Janeiro,Edições de Ouro,,Poesia,Doacao,1
,Lit. Inf. Juvenil,"Bandeira, Pedro","Droga da Obediência, A",São Paulo,Moderna,1992,Lit. Inf  Juvenil,,1
,Lit. Inf. Juvenil,"Bandeira, Pedro","Droga da Obediência, A",São Paulo,Moderna,2009,Lit. Inf  Juvenil,Governo,1
,Lit. Inf. Juvenil,"Bandeira, Pedro","Droga do Amor, A",São Paulo,Moderna,2014,Lit. Inf  Juvenil,,1
,Lit. Inf. Juvenil,"Barbeau, Philippe","Cara, O",São Paulo,UDP,2012,Lit. Inf  Juvenil,Governo,1
,Lit. Inf. Juvenil,"Barbosa Andrade, Rogerio ","De Ti ,Tiete, Ai",São Paulo,DCL,2005,Lit. Inf  Juvenil,Governo,1
,Lit. Inf. Juvenil,"Barbosa, Cleusa Trasse de O.","Kaburé, O",Ilha Solteira,Gráfica Paris,2002,Lit. Inf  Juvenil,Doacao,1
,Poema,"Barbosa, Frederico Org.",Clássicos da Poesia Brasileira,São Paulo,Klick,1997,Poesia,Doacao,1
,Romance,"Barreto, Lima",Triste Fim de Policarpo Quaresma,São Paulo,Objetivo,,Romance,Doacao,1
,Romance,"Barreto, Lima",Triste Fim de Policarpo Quaresma,São Paulo,Ateliê Editorial,2001,Romance,Doacao,1
,Poema,"Barros, Manoel de",Memórias Inventadas,São Paulo,Planeta do Brasil,2008,Poesia,Governo,3
,Poema,"Barros, Manoel de",Poemas Rupestres,Rio de Janeiro,Record,2004,Poesia,Governo,1
,Poema,"Barros, Manoel de",Tratado Geral das Grandezas do Ínfimo,Rio de Janeiro,Record,2003,Poesia,Governo,1
,Poema,"Baudelaire, Charles","Desejo de pintar e outros poemas em prosa, O",São Paulo,Noovha América,2008,Poesia,Governo,1
,Leitura Permanente,"Bernardo, Gustavo","Alma do Urso, A",Belo Horizonte,Formato Editorial,1999,Lit. Inf  Juvenil,Governo,6
,Leitura Permanente,"Bessa-Luís, Agustina","Vento, areia e amoras bravas",São Paulo,Peirópolis,2009,Ficção Portuguesa,Governo,14
,Ficção,"Bessa-Luís, Agustina","Vento, areia e amoras bravas",São Paulo,Peirópolis,2009,Ficção Portuguesa,Governo,14
,Leitura Permanente,"Bessa-Luís, Agustina","Vento, areia e amoras bravas",São Paulo,Peirópolis,2009,Ficção Portuguesa,Governo,14
,Leitura Permanente,"Bilac, Olavo","Esqueleto, O",Rio de Janeiro,Casa da Palavra,2000,Ficção,Governo,5
,Ficção,"Bioy Casares, Adolfo",Histórias Fantásticas,São Paulo,Cosaf Naify,2011,Ficção,Governo,2
,Leitura Permanente,"Bojunga, Lygia",Tchau,Rio de Janeiro,Casa Lygia Bojunga,2004,Lit. Inf  Juvenil,Governo,5
,Lit. Inf. Juvenil,"Brandão de Loyola , Ignácio","Olhos cegos dos cavalos loucos, Os",São Paulo,Sieduc,2018,Lit. Inf  Juvenil,Governo,1
,Leitura Permanente,"Braz, Júio Emílio",Lendas da África,Rio de Janeiro,Bertrand Brasil,2010,Lendas,Doacao,9
,Lit. Inf. Juvenil,"Braz, Julio Emílio",Sol Ardente,São Paulo,Atual,1997,Lit. Inf  Juvenil,Governo,1
,Leitura Permanente,"Brenman, Ilan",Senhor do Bom Nome e outros mitos judaicos,São Paulo,Cosac Naify,2004,Lit. Inf  Juvenil,Doacao,12
,Leitura Permanente,Brezina Thomas,"Sáfari dos Monstros, O",São Paulo,Ática,2008,Lit. Inf  Juvenil,Governo,7
,Poema,"Browning, Robert","Flautista de manto malhado em Hamelin, O",São Paulo,Musa,1993,Poesia,Governo,2
,Romance,"Buarque, Chico",Leite Derramado,São Paulo,Cia das Letras,2009,Romance,Governo,1
,Leitura Permanente,"Buarque, Mary","Bonequinho de Massa, O",São Paulo,do Brasil,,Lit. Inf  Juvenil,Doacao,6
,Romance,"Callado, Antonio","Madona de Cedro, A",São Paulo,Códice,2006,Romance,Governo,1
,Romance,"Callado, Antonio",Quarup,Rio de Janeiro,Nova Fronteira,1984,Romance,Governo,4
,Leitura Permanente,"Calligaris, Contardo","Adolescência, A",São Paulo,Publifolha,2007,Adolescência,Doacao,19
,,Carlos Drummond de Andrade,Para gostar de escrever,São Paulo,Ática,1986,Contos,Governo,1
,Leitura Permanente,"Carrasco, Walcyr","Miseráveis, Os ",São Paulo,Richmond ,2018,Lit. Inf  Juvenil,Governo,6
,Leitura Permanente,"Carrascoza, João Anzanello",Aprendiz de Inventor,São Paulo,Ática,2009,Novela,Doacao,18
,Lit. Inf. Juvenil,"Caruso, carla",Kamazu,São Paulo,Mundo Mirim,2011,Lit. Inf  Juvenil,Governo,1
,Romance,"Carvalho, José Cândido","Coronel e o Lobisomem, O",Rio de Janeiro,J. Olympio,1982,Romance,Doacao,5
,Lit. Inf. Juvenil,"Cass, Kiera","Elite, A",São Paulo,Seguinte,2013,Lit. Inf  Juvenil,Doacao,1
,Lit. Inf. Juvenil,"Cass, Kiera","Escolha, A",São Paulo,Seguinte,2014,Lit. Inf  Juvenil,Doacao,1
,Lit. Inf. Juvenil,"Cass, Kiera","Seleção, A",São Paulo,Seguinte,2012,Lit. Inf  Juvenil,Doacao,1
,Leitura Permanente,"Cazarré, Lourenço","Mistério da Obra Prima, O",São Paulo,Atual,1986,Novela,Doacao,17
,Leitura Permanente,"Cervantes de, Miguel",Dom Quixote,São Paulo,DCL,2005,Romance,Governo,22
,Romance,"Cervantes de, Miguel",Engenhoso Fidalgo Dom Quixote de La Mancha,São Paulo,Martins Fontes,2005,Romance,Governo,1
,Contos,Chacal,Murudum,São Paulo,Cia das Letras,2012,Crônicas,Doacao,1
,Leitura Permanente,"Clarke, Arthur C.","2001, Uma odisséia no espaço",São Paulo,Aleph,2013,Ficção,Governo,13
,Leitura Permanente,"Coelho, Marcelo","Professora de Desenho, A",São Paulo,Cia das Letrinhas,2011,Lit. Inf  Juvenil,Governo,6
,Leitura Permanente,"Colasanti, Marina",Entre a Espada e a Rosa,São Paulo,Melhoramentos,2009,Lit. Inf  Juvenil,Doacao,17
,Romance,"Condini, Paulo","Filhos do Rio, Os",São Paulo,Carthago & Forte,1994,Romance,Doacao,1
,Contos,Cora Coralina,Conto com você,São Paulo,Global,2003,Contos,Doacao,1
,Lit. Inf. Juvenil,"Cunha, Marcelo Carneiro da",Duda 3,Porto Alegre,Projeto,2004,Lit. Inf  Juvenil,Governo,1
,Lit. Inf. Juvenil,"Del Fuego, Andrea",Sociedade da Caveira de Cristal,São Paulo,Scipione,2013,Lit. Inf  Juvenil,Governo,13
,Lit. Inf. Juvenil,"del Fuego, Andréa",Quase caio,São Paulo,Bocianoski,2018,Lit. Inf  Juvenil,Governo,1
,Ficção,"Dick, Philip K.",Androides sonham com ovelhas elétricas?,São Paulo,Aleph,2019,Ficção,Governo,1
,Leitura Permanente,"Dickens, Charles",Oliver Twist,Rio de Janeiro,Ediouro,,Lit. Inf  Juvenil,Governo,11
,Leitura Permanente,"Dill, Luís",Todos contra Dante,São Paulo,Cia das Letras,2008,Lit. Inf  Juvenil,Governo,6
,Lit. Inf. Juvenil,Diversos,Sete faces da escola,São Paulo,Moderna,1998,Lit. Inf  Juvenil,Governo,6
,Lit. Inf. Juvenil,"Dorin, Lannoy","Leve esperança, Uma",São Paulo,Ed. Brasil,1985,Lit. Inf  Juvenil,Doacao,1
,Leitura Permanente,"Ende, Michael","História sem fim, A",São Paulo,Martins Fontes,1997,Romance,Governo,11
,Leitura Permanente,"Feth, Monika","Catador de Pensamentos, O",São Paulo,Brinque-Book,1996,Lit. Inf  Juvenil,Governo,7
,Romance,"Flaubert, Gustave",Madame Bovary,São Paulo,Nova Alexandria,2007,Romance,Governo,1
,Lit. Inf. Juvenil,Flávio Carneiro,"Distancia das Coisas, A ",São Paulo,SM,2007,Lit. Inf  Juvenil,Governo,1
,Lit. Inf. Juvenil,Flávio Carneiro,"Distancia das Coisas, A ",São Paulo,SM,2012,Lit. Inf  Juvenil,Governo,1
,,Gabriel Garcia Márques,Doze Contos Peregrinos,Rio de Janeiro,Record,2011,Contos,Governo,1
,Ficção,"Gaiman, Neil",Coraline,Rio de Janeiro,Intrínseca,2020,Ficção,Doacao,1
,Leitura Permanente,"Galhardo, Caco",Dom Quixote,São Paulo,Peirópolis,2005,HQ,Doacao,11
,Lit. Inf. Juvenil,"Ganem, Eliane","Caso do Elefante Dourado, O",Rio de Janeiro,Verus,2012,Lit. Inf  Juvenil,Governo,1
,Lit. Inf. Juvenil,"Ganem, Eliane","Caso do Elefante Dourado, O",Rio de Janeiro,Verus,2012,Lit. Inf  Juvenil,Governo,1
,Lit. Inf. Juvenil,"Garcia, Luiz Miguel Martins",Arauê,Dracena,Versiprosa,1988,Lit. Inf  Juvenil,Governo,1
,Leitura Permanente,"Garcia-Roza, Livia","Caderno de Liliana, O",São Paulo,Cia das Letrinhas,2011,Ficção,Governo,11
,Romance,"Gasparetto, Zíbia","Amor venceu, O",São Paulo,Os Caminhoneiros,,Romance,,1
,Romance,"Gomes ,Helema",Tristão e Isolda,São Paulo,Francisco Alves,1997,Romance,Governo,2
,Leitura Permanente,"Gomes, Helena",Tristão e Isolda,São Paulo,B & V,2011,Ficção,Governo,17
,Lit. Inf. Juvenil,"Gomes, Roberto",Terceiro Tempo de Jogo,São Paulo,Moderna,1994,Lit. Inf  Juvenil,Doacao,1
,Lit. Inf. Juvenil,"Goulart, Alcides",Contando com a Sorte,Rio de Janeiro,Jovem,2012,Lit. Inf  Juvenil,Governo,1
,Romance,"Gullar, Ferreira",Dom Quixote,Rio de Janeiro,Revan,2002,Novela,Governo,2
,Ficção,"Hazelwood, Ali","Amor Problemático de Verão, Um",São Paulo,Arqueiro,2025,Ficção,Doacao,1
,Ficção,"Hazelwood, Ali","Amor, teoricamente",São Paulo,Arqueiro,2023,Ficção,Doacao,1
,Romance,"Hemingway, Ernest","Velho e o Mar, O",Rio de Janeiro,Bertrand Brasil,2002,Romance,Governo,1
,Contos,Hernani Donato ,Contos dos meninos Indios,São Paulo,Melhoramentos,2006,Contos,Governo,2
,Leitura Permanente,"Iacocca, Liliana e Michele",Eu & os Outros,São Paulo,Ática,2000,Regras de Convivência,Governo,6
,Leitura Permanente,Ivo Barbieri,Antologia Escolar de Contos Brasileiros,Rio de Janeiro,Ediouro,1997,Contos,Governo,6
,Leitura Permanente,"Jesus, Carolina Maria de",Quarto de Despejo,São Paulo,Ática,2014,Romance,Governo,9
,Leitura Permanente,"José , Elias",Setecontos setecantos- Vol 1,São Paulo,FTD,1996,Contos,Governo,18
,Lit. Inf. Juvenil,"José, Ganymédes",Guerra no Rio,São Paulo,Moderna,1983,Lit. Inf  Juvenil,Doacao,1
,,"José, Ganymédes",Guerra no rio,São Paulo,Moderna,1983,Lit. Inf  Juvenil,Doacao,2
,Leitura Permanente,"K Dick, Philip",Blade Runner,São Paulo,Aleph,2019,Ficção,Governo,1
,Lit. Inf  Juvenil,"Kastner, Erich",Emil e os detetives,Rio de Janeiro,Pavio,2009,Lit. Inf  Juvenil,Governo,1
,Leitura Permanente,Klévisson,Lampião,São Paulo,Hedra,1999,HQ,Governo,6
,Literatura Permanente,"Ladeira Godoy, de Julieta","Mil e uma noites, As",São Paulo,Scipione,1997,Lit. Inf  Juvenil,Governo,6
,,"Lago, Angela",Historinhas pescadas,São Paulo,Moderna,2021,Contos,Governo,2
,Romance,"Ledda, Galvino",Pai Patrão: Recanto,São Paulo,Berlendis & Vertecchia,2004,Romance,Governo,1
,Leitura Permanente,"Lessa, Orígenes","Feijão e o Sonho, O",São Paulo,Ática,2015,Ficção,Governo,10
,Lit. Inf  Juvenil,"Lessa, Orígenes","Feijão e o Sonho, O",São Paulo,Ática,2015,Ficção,Governo,10
,,Lião Jimmy,"Esquerda, à direita, Á ",São Paulo,Moitará,2012,Lit. Inf  Juvenil,Governo,1
,Poemas,"Lima, Ricardo da Cunha",De cabeça pra baixo,São Paulo,Cia das Letrinhas,2000,Poesia,Doacao,1
,Lit. Inf. Juvenil,"Limoeiro, Fernando",Salopão: um jumento no sertão,Belo Horizonte,Aletria,2018,Lit. Inf  Juvenil,Governo,1
,Poemas,"Lisboa, Henriqueta","Menino Poeta, O",São Paulo,Peirópolis,2008,Poesia,Governo,1
,Lit. Inf. Juvenil,"Louise, Gabrielly","Curioso universo de Valentina, O",Rubinéia,,,Lit. Inf  Juvenil,,1
,Ficção,"MacDonald, George","Princesa Flutuante, A",São Paulo,Jogos de Amarelinha,2012,Ficção,Governo,1
,Ficção,"Machado, Ana Maria","Bisa Bia, Bisa Bel",São Paulo,Moderna,2001,Lit. Inf  Juvenil,Governo,1
,Leitura Permanente,"Machado, Maria  Clara","Aventura do Teatro, A",Rio de Janeiro,José Olympio,1998,Teatro,Governo,12
,Leitura Permanente,"Machado, Maria Ana","Jardim secreto, O",São Paulo,34,1993,Lit. Inf  Juvenil,Governo,8
,Leitura Permanente,"Machado, Regina ","Violino cigano, O ",São Paulo,Cia das Letras,2004,Contos,Governo,8
,Lit. Inf. Juvenil,"Maldonado, Maria Tereza","Florestania, a cidadania dos povos da floresta",São Paulo,Saraiva,2002,Lit. Inf. Juvenil,Doacao,1
,Ficção,"Marinho, João Carlos","Gênio do Crime, O ",São Paulo,Global,2009,Ficção,Governo,1
,Leitura Permanente,"Marinho, João Carlos","Livro da Berenice, O",São Paulo,Global,1998,Lit. Inf  Juvenil,Governo,9
,Ficção,"Marinho, João Carlos",Sangue Fresco,São Paulo,Gaudi,2011,Ficção Policial,Governo,2
,Lit. Inf  Juvenil,"Marinho, Jorge Miguel",Dengos e Carrancas de um pasto,São Paulo,FTD,1987,Lit. Inf  Juvenil,Governo,1
,Leitura Permanente,"Marinho, Jorge Miguel",Lis no Peito,São Paulo,Biruta,2005,Romance,Governo,17
,Ficção,"Martins, Natalino",Histórias no Escuro,São Paulo,Nova Espiral,2009,Ficção,Doacao,1
,Diversos,"Mattje, Gilberto",Tosco,Campo Grande,Alvorada,2009,ReGovernoxão,Doacao,1
,Lit. Inf. Juvenil,"Mattje, Gilberto",Tosco,Campo Grande,Alvorada,2009,Lit. Inf  Juvenil,Doacao,1
,Lit Inf. Juvenil,"McAuley, Rowan","Grande Separação, A",São Paulo,Fundamento Educacional,2007,Lit. Inf  Juvenil,Doacao,1
,Poemas,"Melo Neto, João Cabral de",Morte e Vida Severina,Rio de Janeiro,Objetiva,2007,Poesia,Governo,1
,Lit. Inf. Juvenil,"Montoro, Suzana","Nem eu, nem outro",São Paulo,Moitorá,2011,Lit. Inf  Juvenil,Governo,1
,Diversos,"Moore, Alan",Batman: A piada mortal,Barueri,Panini Brasil,2024,HQ,Doacao,1
,Leitura Permanente,"Moraes, Vinicius de",Nova Antologia Poética,São Paulo,Cia das Letras,2005,Poesia,Governo,5
,Lit Inf. Juvenil,"Moravia, Alberto",Histórias da pré-história,São Paulo,34,2009,Lit. Inf  Juvenil,Governo,7
,Leitura Permanente,"Moriconi, Italo","Cem melhores contos brasileiros do século, Os ",Rio de Janeiro,Objetiva,2001,Contos,Governo,10
,Lit. Inf. Juvenil,"Munduruku, Daniel","Estranho Sonho de Futuro, Um",São Paulo,FTD,2006,Lit. Inf  Juvenil,Governo,1
,Lit. Inf. Juvenil,"Muniz, Flavia","Sombra em ação, Uma",São Paulo,Moderna ,1985,Lit. Inf  Juvenil,Doacao,1
,Lit. Inf. Juvenil,"Neto Ferreira, Finelon",Toco de menino,Campinas ,Saber e Ler ,2019,Lit. Inf  Juvenil,Governo,2
,Lit. Inf. Juvenil,"Noronha, Teresa",Retrato no Espelho,São Paulo,Ed. Brasil,,Lit. Inf  Juvenil,Doacao,1
,Leitura Permanente,"Nunes, Lygia Bojunga","Bolsa Amarela, A ",Rio de Janeiro,Lygia Bojunga,2011,Lit. Inf  Juvenil,Doacao,11
,Leitura Permanente,"Oz, Amós","De repente, nas profundezas do bosque",São Paulo,Cia das Letras,2007,Romance,Governo,10
,Leitura Permanente,"Paganani, Marcia e Ricardo Dalai",Histórias bem-contadas - Contos da tradição popular brasileira,Londrina,Madrepérola,2018,Lit. Inf  Juvenil,Governo,187
,Romance,"Painter, Lynn",Melhor do que nos filmes,Rio de Janeiro,Intrínseca,2023,Romance,Doacao,1
,Lit. Inf. Juvenil,"Pais, Amélia Pinto",Padre Antonio Vieira,São Paulo,Cia das Letras,2010,Lit. Inf  Juvenil,Governo,1
,Lit. Inf  Juvenil,"Pavanello, Roberto",Despertar do Troll Cabeça-dura,São Paulo,Fundamento Educacional,2011,Lit. Inf  Juvenil,,1
,Lit. Inf. Juvenil,"Pellegrini, Domingos","Árvore que dava dinheiro, A",São Paulo,Ática,2001,Lit. Inf  Juvenil,,1
,Ficção,"Pinsky, Mirna","Carta errante, avó atrapalhada, menina aniversariante",São Paulo,FTD,2001,Ficção,Governo,1
,Contos,"Prieto, Heloisa","Conto à crônica, Do ",São Paulo,Salamandra,2003,Conto,Doacao,1
,Leitura Permanente,"Puntel, Luiz","Grito do Hip Hop, O ",São Paulo,Ática,2004,Novela,Governo,14
,Leitura Permanente,"Queirós, Bartolomeu Campos de",Indez,São Paulo,Global,2004,Lit. Inf  Juvenil,Doacao,18
,Leitura Permanente,"Quesnel, Alain",Indios da América do Norte,São Paulo,Ática,2000,Mitos e Lendas,Governo,7
,Suspense,"Quilt, Linda",Histórias arrepiantes de criança-prodígio,São Paulo,Cia das Letras,2011,Lit. Inf  Juvenil,Governo,1
,Leitura Permanente,Quino,Toda Mafalda,São Paulo,Martins Fontes,1993,HQ,Governo,7
,Romance,Rachel de Queiroz,"Quinze, O ",Rio de Janeiro,José Olympio,2004,Lit. Inf  Juvenil,Governo,15
,Leitura Permanente,Rachel de Queiroz,"Quinze, O ",Rio de Janeiro,José Olympio,2004,Lit. Inf  Juvenil,Governo,10
,Leitura Permanente,"Ramos, Graciliano",Alexandre  e outros  heróis,Rio de Janeiro,Cameron,2018,Lit. Inf  Juvenil,Governo,11
,Romance,"Ramos, Graciliano",S. Bernardo,Rio de Janeiro,Best Bolso,2011,Ficção,Governo,1
,Leitura Permanente,"Raspe, Rudolf Erich","Aventuras do Barão de Munchausen, AS",São Paulo,Iluminuras,2010,Lit. Inf  Juvenil,Governo,10
,Leitura Permanente,"Rey, Marcos","Mistério do cinco estrelas, O ",São Paulo,Global,2005,Lit. Inf  Juvenil,Governo,5
,Lit. Inf  Juvenil,"Rios, Rosana","Enigma de Iracema, O",Cajamar,Escala Integrada,2012,Lit. Inf  Juvenil,Governo,1
,Romance,"Rosa, João Guimarães",Grande Sertão: veredas,Rio de Janeiro,Nova Fronteira,2001,Romance,Governo,2
,Leitura Permanente,"Roth, Veronica",Convergente,Rio de Janeiro,Rocco,2014,Lit. Inf  Juvenil,Governo,11
,Leitura Permanente,"Roth, Veronica",Insurgente,Rio de Janeiro,Rocco,2013,Lit. Inf  Juvenil,Governo,9
,Leitura Permanente,"Sabino, Fernando","Menino no Espelho, O",Rio de Janeiro,Best Seller,2018,Romance,Governo,17
,Lit Inf. Juvenil,"Saldanha, Paula","Eldorado, Garimpo Coragem",São Paulo,FTD,1994,Lit. Inf  Juvenil,Governo,1
,Leitura Permanente,"Schwarcz, Luiz",Minha Vida de Goleiro,São Paulo,Cia das Letrinhas,1999,Lit. Inf  Juvenil,Governo,7
,Ficção,"Scliar, Moacyr","Irmão que veio de longe, O",São Paulo,Cia das Letrinhas,2002,Ficção,Doacao,1
,Lit Inf. Juvenil,"Scliar, Moacyr",Pra você eu conto,São Paulo,Atual,2008,Lit. Inf  Juvenil,Governo,2
,Lit. Inf. Juvenil,"Selznick, Brian","Invenção de Hugo Cabret, A",São Paulo,SM,2007,Lit. Inf  Juvenil,Governo,1
,Poema,"Silva, João Melquíades F da,",Feira de Versos,São Paulo,Ática,2004,Poesia de cordel,Governo,2
,Leitura Permanente,"Silva, João Melquíades F da,",Feira de Versos,São Paulo,Ática,2013,Poesia de cordel,Governo,14
,Ficção,"Smullyan, Raymond",Alice no País dos Enigmas,Rio de Janeiro,Jorge Zahar,2000,Ficção,Governo,1
,Ficção ,"Sombra, Fábio","Caravana do Oriente- Folia de reis, A ",Rio de Janeiro,Sociedade Lit.,2018,Lit. Inf  Juvenil,Governo,1
,Romance,"Stevenson, Robert Louis",Raptado,São Paulo,Cia Ed. Nacional,2003,Romance,Governo,1
,Contos,Strausz ,13  dos Melhores Contos de Amor,Rio de Janeiro,Ediouro,2003,Contos,Governo,1
,Leitura Permanente,"Strausz, Rosa Amanda",Uólace  e João  Víctor,São Paulo,Salamandra,1999,Lit. Inf  Juvenil,Governo,14
,Leitura Permanente,"Tavares, Braulio",Páginas de Sombra: Contos Fantásticos Brasileiros,Rio de Janeiro,Casa da Palavra,2003,Contos,Governo,8
,Leitura Permanente,"Tchekhov, A. P.","Dama do Cachorrinho, A",São Paulo,34,1999,Contos,Doacao,16
,Leitura Permanente,TICUNA,"Livro das Arvores, O",São Paulo,OGPB Ticuna Bilíngue,2000,Lit. Inf  Juvenil,Governo,13
,Leitura Permanente,"Timóteo, Vanderlei",Poesia de gente grande,Belo Horizonte,RHJ,1999,Poesia,Governo,5
,Leitura Permanente,"Trindade, Solano",Poemas Antológicos,São Paulo,Nova Alexandria,2007,Poesia,Governo,25
,Ficção,"Twain, Mark","Tom Sawyer, Detetive",São Paulo,Quinteto,2003,Ficção,Governo,1
,Lit. Inf. Juvenil,"Vasconcelos, Mauro José",Meu pé de Laranja Lima ,São Paulo,Melhoramentos,2009,Lit. Inf  Juvenil,Governo,1
,Ficção,"Veríssimo, Erico",Incidente em Antares,São Paulo,Cia das Letras,2006,Ficção,Governo,1
,Romance,"Veríssimo, Erico",Olhai os lírios do Campo,São Paulo,Cia das Letras,2005,Romance,Governo,2
,Leitura Permanente,"Veríssimo, Luis Fernando",Comédias para se ler na Escola,Rio de Janeiro,Objetiva,2008,Crônicas,Governo,5
,Leitura Permanente,"Veríssimo, Luis Fernando",Comédias para se ler na Escola,Rio de Janeiro,Objetiva,2001,Crônicas,Doacao,11
,Leitura Permanente,"Veríssimo, Luiz Fernando","Santinho, O ",Rio de Janeiro,Objetiva,2002,Contos,Governo,12
,Leitura Permanente,"Viana, Vivina de Assis",Sabe de uma coisa?: Diário de uma adolescente,São Paulo,Atual,1989,Lit. Inf  Juvenil,Governo,6
,Lit. Inf. Juvenil,"Viana, Vivina de Assis e Ronald Claver",Ana e Pedro,São Paulo,Atual,1990,Lit. Inf  Juvenil,Governo,1
,Leitura Permanente,"Vicente, Gil",Farsa de Inês Pereira,São Paulo,Global,2005,Teatro,Doacao,8
,Romance,"Vieira, Bruna","Volta aos sonhos, De",Belo Horizonte,Gutemberg,2014,Romance,Doacao,1
,Leitura Permanente,"Vieira, Padre Antônio",Sermões,Erechim,Edelbra,1998,Lit. Inf  Juvenil,Governo,12
,Lit. Inf. Juvenil,"Vilela, Fernando","Herois do Tsunami, Os",São Paulo,Brink Book,2011,Lit. Inf  Juvenil,Governo,1
,Ficção,"Wells, H.G.","Máquina do Tempo, A",Rio de Janeiro,Francisco Alves,1983,Ficção,Doacao,4
,Ficção,"Wells, H.G.","Máquina do Tempo, A",Rio de Janeiro,Objetiva,2010,Ficção,Doacao,1
,Ficção,"Westerfeld, Scott",Feios,Rio de Janeiro,Galera Record,2024,Ficção,Doacao,1
,Leitura Permanente,"Wilde, Oscar",Contos,Rio de Janeiro,Nova Fronteira,1994,Contos,Governo,7
,Leitura Permanente,"Yasbek, Mustafa","Bandeirantes, Os",São Paulo,Ática,2010,Lit. Inf  Juvenil,Governo,17
,Conto,,Quem conta um conto e outros contos,Rio de Janeiro,Sol,1990,Contos,Doacao,
1380,Contos,Marcos Rey,Bem-vindos ao Rio,São Paulo,Ática,1986,Ficção,,1
1669,Ficção,Marcos Rey,Dinheiro do Céu,São Paulo,Ática,1986,Ficção,,1
1194,Ficção,Ofélia e Narbal Fontes,"Gigante de Botas, O",São Paulo,Ática,1979,Ficção,,1
872,Ficção,Marçal Aquino,"Turma da Rua Quinze, A",São Paulo,Ática,1989,Ficção,,1
1218,Ficção,Silvia Cintra Franco,"Barreira do Inferno, Na",São Paulo,Ática,1990,Ficção,,1
398,Ficção,Ofélia e Narbal Fontes,Coração de Onça,São Paulo,Ática,1977,Ficção,,1
1174,Ficção,Massaud Moisés,Guia Prático de Redação,São Paulo,Cultrix,1974,Didático,Doacao,1
2284,Didático,Ivan Engler de Almeida,"Corujinha Curiosa, A",São Paulo,Brasil S/A,,Literatura,Governo,1
4024,Literatura,Ivan Engler de Almeida,Tesouro de Joãozinho,São Paulo,Brasil S/A,,Didático,,1
2267,Didático,M. C. Silva,"Ilha das Cobras, A",São Paulo,Brasil S/A,1985,Didático,,1
,Didático,,,,,,,,
,,,,,,,,,
,,,,,,,,,
,,,,,,,,,
,,,,,,,,,
,,,,,,,,,
,,,,,,,,,
,,,,1,,,,,